SNP,gene,Z_gwas,P_gwas,NES,P_eqtl,PP_H1,PP_H2,PP_H3,PP_H4
rs9842505,CCDC174,3.9681711979620418,7.294e-05,0.91006,3.69272e-33,0.0001324857539561738,0.0015584033042362008,2.068588454604324e-07,0.00020685884546043162
rs1358911,GNG10,3.8180601578555464,0.0001337,-0.447265,2.2915599999999998e-20,0.00012969617354911236,0.0005075053791388352,6.586781971513677e-08,6.586781971513664e-05
rs11648940,RMI2,3.9923079738297047,6.252e-05,-0.86602,1.50739e-19,0.000133139981614512,0.00047244789119609617,6.294378742429202e-08,6.294378742429167e-05
rs13204743,SLC25A27,3.809811443511234,0.0001438,0.569663,2.0377300000000001e-19,0.0001295452872892977,0.00046707118156723114,6.054666310133034e-08,6.0546663101330226e-05
rs3922041,RP11-439M11.1,-3.954375629851766,7.912e-05,-0.4445,2.46513e-11,0.0001324067997713609,0.00023092995023644056,3.058874630490785e-08,3.0588746304907785e-05
rs7820678,SMIM19,3.711220519059912,0.0002121,0.385297,5.78027e-11,0.00012774654398925084,0.00022364378881288438,2.8580581712128083e-08,2.8580581712127975e-05
rs9967332,MPPE1,-3.956152370307961,8.024e-05,-0.466031,9.07146e-10,0.00013244697683020685,0.00020167155485799297,2.6720430239879782e-08,2.672043023987973e-05
rs2696035,PRIMPOL,3.7140755163191206,0.0001899,0.356579,8.76037e-09,0.00012780416104248094,0.00018525508665159633,2.3684347041469436e-08,2.368434704146935e-05
rs2941265,RRN3,-3.832024792129355,0.0001339,-0.308798,8.57303e-08,0.00013001242880677176,0.00017014038391380441,2.2127496296720733e-08,2.212749629672065e-05
rs10771763,IPO8,-4.077233909754359,4.297e-05,0.238509,1.09266e-05,0.00013495650953451212,0.00014219912238763355,1.9196386472684188e-08,1.919638647268422e-05
rs2545803,FAM193B,3.6461646763247986,0.0002952,-0.269494,2.23816e-06,0.00012658665910788905,0.00015075068501784982,1.908868432189502e-08,1.9088684321894948e-05
rs7757864,PKMP3,-3.796885763974795,0.0001426,0.302614,7.963e-06,0.0001293478491810479,0.00014386263467505023,1.8613754663989198e-08,1.8613754663989228e-05
rs8016830,PPM1A,3.8373402463489183,0.0001302,0.161511,1.3029e-05,0.00013011862294208152,0.00014128442579248947,1.8389064271230442e-08,1.8389064271230437e-05
rs35175040,CTB-92J24.2,3.5773247133870685,0.000363,0.383042,1.17616e-05,0.0001253833427410265,0.00014181677944585133,1.7786531104021445e-08,1.7786531104021377e-05
rs13322132,HEG1,-3.877153534263369,0.0001028,0.189724,5.92485e-05,0.00013089045788704175,0.0001336738815834743,1.750157247130373e-08,1.7501572471303696e-05
rs2246877,RP11-742D12.2,3.696141063851629,0.00022,0.225003,3.5054e-05,0.00012748503879604932,0.0001362576774956475,1.737570023304267e-08,1.7375700233042634e-05
rs4930355,ZDHHC24,-4.023464743031945,5.282e-05,0.304435,0.000147489,0.00013383292127027246,0.0001293186137374339,1.7311943518705452e-08,1.7311943518705417e-05
