SNP,gene,Z_gwas,P_gwas,NES,P_eqtl,lABF_gwas,lABF_eqtl,PP_H0,PP_H1,PP_H2,PP_H3,PP_H4
rs9842505,CCDC174,3.9681711979620418,7.294e-05,0.91006,3.69272e-33,0.9570570281386492,9.316425315290443,0.4430191087763903,0.00011536313387290072,0.4926001781626609,0.00012827415155105,0.06413707577552484
rs1358911,GNG10,3.8180601578555464,0.0001337,-0.447265,2.2915599999999998e-20,0.8808309876605023,5.50763065215189,0.9728775681742461,0.00023474601436203696,0.02398787574065258,5.788044053372029e-06,0.0028940220266860106
rs11648940,RMI2,3.9923079738297047,6.252e-05,-0.86602,1.50739e-19,0.9695879173713928,5.264764369018122,0.9783216544936024,0.0002579694921411585,0.01892081243194628,4.9891488668865075e-06,0.0024945744334432486
rs13204743,SLC25A27,3.809811443511234,0.0001438,0.569663,2.0377300000000001e-19,0.8767275006673652,5.2259096286632,0.97935233491191,0.00023534061213894972,0.018218922051011034,4.378048752375107e-06,0.0021890243761875506
rs3922041,RP11-439M11.1,-3.954375629851766,7.912e-05,-0.4445,2.46513e-11,0.9499290258971305,2.836292620189969,0.9978200785948013,0.00025798899036124414,0.00170152554199445,4.399338779303893e-07,0.00021996693896519416
rs7820678,SMIM19,3.711220519059912,0.0002121,0.385297,5.78027e-11,0.8283684467096807,2.7275205240828875,0.9980698381845149,0.00022851608591171682,0.0015265394924668958,3.4951344731820637e-07,0.0001747567236591025
rs9967332,MPPE1,-3.956152370307961,8.024e-05,-0.466031,9.07146e-10,0.9508456534054617,2.3767467564541636,0.9985267684893484,0.0002584084626615441,0.001075394257684171,2.7830097865441797e-07,0.0001391504893272087
rs2696035,PRIMPOL,3.7140755163191206,0.0001899,0.356579,8.76037e-09,0.8297510032203211,2.0887205897743524,0.998871791745691,0.00022901610853962528,0.0008065468050023272,1.8492083985461828e-07,9.24604199273091e-05
rs2941265,RRN3,-3.832024792129355,0.0001339,-0.308798,8.57303e-08,0.8877982032142049,1.8000381549154008,0.9990792371874491,0.0002427536643524629,0.0006044307789651454,1.4686301244159835e-07,7.343150622079889e-05
rs10771763,IPO8,-4.077233909754359,4.297e-05,0.238509,1.09266e-05,1.0142822693461693,1.1915653179208816,0.9993499808877768,0.00027555912761783344,0.0003290090550854615,9.072041820341837e-08,4.5360209101709166e-05
rs2545803,FAM193B,3.6461646763247986,0.0002952,-0.269494,2.23816e-06,0.7971527362175547,1.3896144664945622,0.9993325732490143,0.00022177320767039957,0.0004010623906673882,8.900429670283795e-08,4.4502148351418805e-05
rs7757864,PKMP3,-3.796885763974795,0.0001426,0.302614,7.963e-06,0.8703152138998855,1.2309927683081587,0.9993781917199286,0.0002386178690750032,0.0003422498249202351,8.171773667905529e-08,4.085886833952749e-05
rs8016830,PPM1A,3.8373402463489183,0.0001302,0.161511,1.3029e-05,0.8904568657417148,1.1696580156066008,0.999395339671668,0.00024347693336313996,0.00032189434107375716,7.842126525958695e-08,3.921063262979346e-05
rs35175040,CTB-92J24.2,3.5773247133870685,0.000363,0.383042,1.17616e-05,0.7647224269652383,1.1823959876306724,0.9994241614869112,0.00021471608242601967,0.00032603025025238326,7.004427227616469e-08,3.502213613808215e-05
rs13322132,HEG1,-3.877153534263369,0.0001028,0.189724,5.92485e-05,0.9104876936983509,0.9818486730308171,0.999451568241403,0.0002484171271307533,0.00026679225298088317,6.631213270580847e-08,3.315606635290417e-05
rs2246877,RP11-742D12.2,3.696141063851629,0.00022,0.225003,3.5054e-05,0.8210837308052632,1.04677084896276,0.9994557197028755,0.0002271724653637202,0.00028468878651288277,6.470867314938562e-08,3.235433657469275e-05
rs4930355,ZDHHC24,-4.023464743031945,5.282e-05,0.304435,0.000147489,0.9858756726224933,0.8695100750507062,0.999461665244146,0.0002678714975858836,0.00023844574050662628,6.390722108074282e-08,3.195361054037134e-05
