lead_SNP,gene,n_snps_coloc,PP_H0,PP_H1,PP_H2,PP_H3,PP_H4,P_gwas,P_eqtl
rs9842505,CCDC174,12,0.9788430809363573,0.0015228483084414456,0.017350786037475835,2.699371909747141e-05,0.0022562909986278503,7.294e-05,3.69272e-33
rs13204743,SLC25A27,13,0.9862565196766543,0.0015746226766753665,0.01082613905348494,1.7284635096807337e-05,0.0013254339580886796,0.0001438,2.0377300000000001e-19
rs11648940,RMI2,13,0.9924456693501468,0.0016400884767213595,0.005238740918973305,8.657399471915516e-06,0.0006668438546867008,6.252e-05,1.50739e-19
rs2696035,PRIMPOL,14,0.9954057540198158,0.0017644568419021092,0.002507809790691403,4.445345152471812e-06,0.000317534002438122,0.0001899,8.76037e-09
rs8016830,PPM1A,12,0.9965179612253804,0.001533206336241806,0.001725024489321012,2.65406001708893e-06,0.0002211538890396122,0.0001302,1.3029e-05
rs1358911,GNG10,3,0.9977661791421438,0.0003962947461334011,0.0016220168560120275,6.44235865691544e-07,0.00021486501984498114,0.0001337,2.2915599999999998e-20
rs35175040,CTB-92J24.2,11,0.9969496046029166,0.0013569952504470916,0.0015050903748435975,2.0486496817157355e-06,0.00018626112211090655,0.000363,1.17616e-05
rs7757864,PKMP3,10,0.9971192046024642,0.0012590922395718544,0.0014382762369510521,1.8161544175930973e-06,0.0001816107665952855,0.0001426,7.963e-06
rs2545803,FAM193B,8,0.9976608658700481,0.0010021596358213009,0.0011867408058366393,1.1920921973363635e-06,0.00014904159609657503,0.0002952,2.23816e-06
rs2246877,RP11-742D12.2,7,0.9977866003916737,0.0008506869467830072,0.0012140853387130797,1.0350976346228967e-06,0.00014759222519562898,0.00022,3.5054e-05
rs3922041,RP11-439M11.1,4,0.9984633958604463,0.0005259265798374358,0.000892637974269333,4.701845243269231e-07,0.00011756940092271641,7.912e-05,2.46513e-11
rs10771763,IPO8,6,0.9982750677514943,0.0007603835361388062,0.0008553132193397662,6.514898661074599e-07,0.00010858400316113356,4.297e-05,1.09266e-05
rs2941265,RRN3,5,0.9984756095395837,0.0006012983027742671,0.0008233595952485069,4.958405818486925e-07,9.923672181179969e-05,0.0001339,8.57303e-08
rs4930355,ZDHHC24,5,0.9985576506743007,0.0006331731159043426,0.0007180361924725916,4.5529791195626303e-07,9.068471941032732e-05,5.282e-05,0.000147489
rs7820678,SMIM19,3,0.9988626052194065,0.0003813882478028546,0.0006704230130107747,2.559826115051391e-07,8.532753716837928e-05,0.0002121,5.78027e-11
rs13322132,HEG1,3,0.999155385745899,0.0003913352232630702,0.0004007959940551898,1.5697817582141316e-07,5.232605860713774e-05,0.0001028,5.92485e-05
rs9967332,MPPE1,1,0.9996391343176418,0.00013244697683020685,0.00020167155485799297,2.6720430239879782e-08,2.672043023987973e-05,8.024e-05,9.07146e-10
