SNP,variant_id,tissue,gene,geneId,nes,pValue
rs7700817,chr5_50768458_C_T_b38,Brain_Cerebellum,PARP8,ENSG00000151883.17,0.268568,1.70683e-05
rs10771763,chr12_30743737_A_T_b38,Brain_Cerebellar_Hemisphere,IPO8,ENSG00000133704.9,0.355926,3.7108e-09
rs10771763,chr12_30743737_A_T_b38,Brain_Cerebellum,IPO8,ENSG00000133704.9,0.31576,8.79448e-09
rs10771763,chr12_30743737_A_T_b38,Brain_Cortex,IPO8,ENSG00000133704.9,0.238509,1.09266e-05
rs10771763,chr12_30743737_A_T_b38,Brain_Frontal_Cortex_BA9,IPO8,ENSG00000133704.9,0.313229,2.09445e-06
rs4902295,chr14_64598246_G_A_b38,Brain_Cerebellum,ZBTB25,ENSG00000089775.11,0.283233,1.46912e-07
rs4930355,chr11_66349440_A_G_b38,Brain_Caudate_basal_ganglia,ZDHHC24,ENSG00000174165.7,0.34468,3.5682e-06
rs4930355,chr11_66349440_A_G_b38,Brain_Cerebellar_Hemisphere,ZDHHC24,ENSG00000174165.7,0.429732,1.64165e-06
rs4930355,chr11_66349440_A_G_b38,Brain_Cerebellar_Hemisphere,CTD-3074O7.2,ENSG00000250105.1,0.404111,9.75502e-05
rs4930355,chr11_66349440_A_G_b38,Brain_Cerebellum,SF3B2,ENSG00000087365.15,0.270707,0.00015434
rs4930355,chr11_66349440_A_G_b38,Brain_Cerebellum,RP11-867G23.10,ENSG00000254510.1,-0.303415,0.000140193
rs4930355,chr11_66349440_A_G_b38,Brain_Cerebellum,CTD-3074O7.2,ENSG00000250105.1,0.530424,1.54988e-07
rs4930355,chr11_66349440_A_G_b38,Brain_Cortex,ZDHHC24,ENSG00000174165.7,0.304435,0.000147489
rs4930355,chr11_66349440_A_G_b38,Brain_Nucleus_accumbens_basal_ganglia,ZDHHC24,ENSG00000174165.7,0.338702,1.08947e-05
rs7337857,chr13_52839300_G_A_b38,Brain_Cerebellar_Hemisphere,PCDH8,ENSG00000136099.13,-0.495285,7.70597e-05
rs11648940,chr16_11355679_G_A_b38,Brain_Amygdala,RMI2,ENSG00000175643.8,-0.67393,2.17584e-12
rs11648940,chr16_11355679_G_A_b38,Brain_Anterior_cingulate_cortex_BA24,RMI2,ENSG00000175643.8,-0.832384,3.13251e-16
rs11648940,chr16_11355679_G_A_b38,Brain_Caudate_basal_ganglia,RMI2,ENSG00000175643.8,-0.564014,4.42866e-16
rs11648940,chr16_11355679_G_A_b38,Brain_Cerebellar_Hemisphere,RMI2,ENSG00000175643.8,-0.563887,9.01982e-07
rs11648940,chr16_11355679_G_A_b38,Brain_Cerebellum,RMI2,ENSG00000175643.8,-0.629748,1.17078e-08
rs11648940,chr16_11355679_G_A_b38,Brain_Cortex,RMI2,ENSG00000175643.8,-0.86602,1.50739e-19
rs11648940,chr16_11355679_G_A_b38,Brain_Frontal_Cortex_BA9,RMI2,ENSG00000175643.8,-0.774153,1.81971e-13
rs11648940,chr16_11355679_G_A_b38,Brain_Hippocampus,RMI2,ENSG00000175643.8,-0.701121,5.50089e-19
rs11648940,chr16_11355679_G_A_b38,Brain_Hypothalamus,RMI2,ENSG00000175643.8,-0.743656,9.58283e-15
rs11648940,chr16_11355679_G_A_b38,Brain_Nucleus_accumbens_basal_ganglia,RMI2,ENSG00000175643.8,-0.611325,3.5872e-20
rs11648940,chr16_11355679_G_A_b38,Brain_Putamen_basal_ganglia,RMI2,ENSG00000175643.8,-0.614739,2.30409e-12
rs11648940,chr16_11355679_G_A_b38,Brain_Spinal_cord_cervical_c-1,RMI2,ENSG00000175643.8,-0.557327,1.60661e-05
rs11648940,chr16_11355679_G_A_b38,Brain_Substantia_nigra,RMI2,ENSG00000175643.8,-0.755682,6.24196e-10
rs6658057,chr1_89375273_G_A_b38,Brain_Cerebellum,LRRC8B,ENSG00000197147.13,-0.311576,4.33906e-06
rs1991401,chr17_64506317_A_G_b38,Brain_Hippocampus,DDX5,ENSG00000108654.13,-0.242904,4.65803e-08
rs9842505,chr3_14656854_G_A_b38,Brain_Amygdala,CCDC174,ENSG00000154781.15,0.718708,9.73181e-12
rs9842505,chr3_14656854_G_A_b38,Brain_Anterior_cingulate_cortex_BA24,CCDC174,ENSG00000154781.15,0.687283,8.48995e-16
rs9842505,chr3_14656854_G_A_b38,Brain_Caudate_basal_ganglia,CCDC174,ENSG00000154781.15,0.674064,1.22289e-23
rs9842505,chr3_14656854_G_A_b38,Brain_Caudate_basal_ganglia,C3orf20,ENSG00000131379.9,-0.486726,1.67751e-06
rs9842505,chr3_14656854_G_A_b38,Brain_Cerebellar_Hemisphere,CCDC174,ENSG00000154781.15,0.696201,2.28418e-17
rs9842505,chr3_14656854_G_A_b38,Brain_Cerebellar_Hemisphere,C3orf20,ENSG00000131379.9,-0.614758,1.32385e-09
rs9842505,chr3_14656854_G_A_b38,Brain_Cerebellum,CCDC174,ENSG00000154781.15,0.589063,1.04078e-15
rs9842505,chr3_14656854_G_A_b38,Brain_Cerebellum,C3orf20,ENSG00000131379.9,-0.540677,7.45308e-09
rs9842505,chr3_14656854_G_A_b38,Brain_Cortex,CCDC174,ENSG00000154781.15,0.91006,3.69272e-33
rs9842505,chr3_14656854_G_A_b38,Brain_Frontal_Cortex_BA9,CCDC174,ENSG00000154781.15,0.807348,4.09829e-27
rs9842505,chr3_14656854_G_A_b38,Brain_Hippocampus,CCDC174,ENSG00000154781.15,0.604439,3.78721e-19
rs9842505,chr3_14656854_G_A_b38,Brain_Hippocampus,C3orf20,ENSG00000131379.9,-0.407395,2.90123e-05
rs9842505,chr3_14656854_G_A_b38,Brain_Hypothalamus,CCDC174,ENSG00000154781.15,0.702843,7.91438e-18
rs9842505,chr3_14656854_G_A_b38,Brain_Hypothalamus,C3orf20,ENSG00000131379.9,-0.615062,1.50199e-08
rs9842505,chr3_14656854_G_A_b38,Brain_Nucleus_accumbens_basal_ganglia,CCDC174,ENSG00000154781.15,0.867754,4.51702e-31
rs9842505,chr3_14656854_G_A_b38,Brain_Nucleus_accumbens_basal_ganglia,C3orf20,ENSG00000131379.9,-0.58758,1.87018e-09
rs9842505,chr3_14656854_G_A_b38,Brain_Putamen_basal_ganglia,CCDC174,ENSG00000154781.15,0.607348,1.01409e-16
rs9842505,chr3_14656854_G_A_b38,Brain_Spinal_cord_cervical_c-1,CCDC174,ENSG00000154781.15,0.564202,4.24205e-09
rs9842505,chr3_14656854_G_A_b38,Brain_Substantia_nigra,CCDC174,ENSG00000154781.15,0.596107,3.30398e-09
rs1180368,chr3_179251754_A_G_b38,Brain_Cerebellar_Hemisphere,KCNMB3,ENSG00000171121.16,0.410016,9.68263e-05
rs1180368,chr3_179251754_A_G_b38,Brain_Frontal_Cortex_BA9,KCNMB3,ENSG00000171121.16,0.379481,1.48969e-05
rs12341875,chr9_21324555_T_C_b38,Brain_Cerebellum,IFNA11P,ENSG00000231195.1,-0.446418,2.78464e-05
rs7934366,chr11_130141702_G_A_b38,Brain_Nucleus_accumbens_basal_ganglia,ST14,ENSG00000149418.10,-0.414142,6.2903e-06
