SNP,gene,cell_type,t_stat,p_value,FDR,beta
rs7916271,CDHR1,Excitatory_Neurons,-13.338613974976,8.91130429950625e-32,5.44410638801648e-28,-0.541525986588804
rs61835618,LINC02670,Excitatory_Neurons,-5.80776922459412,1.71037270604842e-08,6.92816575184664e-06,-0.329094132011352
rs73385592,HSPA12A,Excitatory_Neurons,-4.90223953798347,1.60435763437206e-06,0.000404276343090761,-0.256696622959383
rs7916271,RGR,Excitatory_Neurons,-3.38790886380963,0.000804956143686326,0.0722566402875101,-0.23379652565429
rs4746076,SLC29A3,Excitatory_Neurons,3.35604055934443,0.000899604085043606,0.078411863906549,0.122421600792456
rs7934366,ST14,Excitatory_Neurons,3.35117103691361,0.000914948323072507,0.0793890731217195,0.222061190282169
rs10742977,TRIM3,Excitatory_Neurons,-3.33171548163509,0.000978720033696075,0.0832568117603062,-0.109694438344205
rs2857673,KRT81,Excitatory_Neurons,-6.96847093578941,2.28075414063261e-11,1.55690088853553e-08,-0.355780132499528
rs2857673,KRT83,Excitatory_Neurons,6.27631743348984,1.30898791332901e-09,6.6431404589658e-07,0.338395276904659
rs3737548,ASB8,Excitatory_Neurons,-5.46921212730954,9.9959514611495e-08,3.40889147572497e-05,-0.121522274584365
rs11837609,MYRFL,Excitatory_Neurons,-4.24358622902463,2.99080932770231e-05,0.00515720723544017,-0.225772406259994
rs2675555,TMTC4,Excitatory_Neurons,3.49227593408479,0.000556062737023,0.0549266911972834,0.111188519910762
rs2049176,RASGRF1,Excitatory_Neurons,4.89339590987324,1.67224844141354e-06,0.000419841218981353,0.147055315709037
rs1393943,LINS1,Excitatory_Neurons,3.38283448666343,0.000819377422750252,0.0732131238327513,0.116060306763048
rs11648940,RMI2,Excitatory_Neurons,6.93796279158715,2.74306281846966e-11,1.8506013939825e-08,0.387744030519202
rs763154,WFIKKN1,Excitatory_Neurons,-5.78476141676764,1.93318364400178e-08,7.73688204119863e-06,-0.23313232881883
rs763154,CIAO3,Excitatory_Neurons,-5.55050786665384,6.58931773454824e-08,2.33710806274452e-05,-0.183951268675325
rs763154,RAB40C,Excitatory_Neurons,-3.89050018902061,0.000124959905435454,0.0170487437858986,-0.11953088597419
rs763154,RHOT2,Excitatory_Neurons,-3.60968780405351,0.000362885634053587,0.0396312670828216,-0.112700942141919
rs9967332,MPPE1,Excitatory_Neurons,12.8628945282003,4.36297757883513e-30,2.38600253245093e-26,0.270091313324249
rs1912579,ZNF100,Excitatory_Neurons,-7.84391881233596,9.1595190233383e-14,9.19161450131764e-11,-0.485433061662522
rs12462062,ZNF577,Excitatory_Neurons,5.6332665774828,4.29098121830319e-08,1.58882126300719e-05,0.129682414595003
rs1796844,SDCCAG8,Excitatory_Neurons,-5.10057495913292,6.23828798429981e-07,0.000174433400484595,-0.160483203049009
rs3748655,WNT2B,Excitatory_Neurons,-4.19895540414888,3.60279063160155e-05,0.00604602579182701,-0.186058183719731
rs6703825,HMGCL,Excitatory_Neurons,-3.45315122080015,0.000639442811489317,0.0609790478290902,-0.0855872152179029
rs6658057,LRRC8B,Excitatory_Neurons,-3.43366827434995,0.000685195137819765,0.0642028742424749,-0.0896758122390842
rs1176057,TRIM58,Excitatory_Neurons,3.39597496266928,0.000782518932410166,0.0708165862321295,0.165480314022309
rs6035628,C20orf96,Excitatory_Neurons,-7.94696979650675,4.65804213799017e-14,4.92042270244626e-11,-0.222162246589237
rs6035628,FAM110A,Excitatory_Neurons,-3.68312285850614,0.000276288716779149,0.032015723688934,-0.137579057687294
rs1297121,RBM11,Excitatory_Neurons,4.37450939147524,1.71682999083801e-05,0.00322020404175616,0.10883123737934
rs3769821,CASP8,Excitatory_Neurons,11.1140503395349,5.00292896671376e-24,1.70756339203584e-20,0.462891409049204
rs1131171,LINC00471,Excitatory_Neurons,5.53429838677911,7.16285156523483e-08,2.52183918819871e-05,0.323008274890481
rs3099977,GALM,Excitatory_Neurons,4.3506505710597,1.90146279775157e-05,0.00351438084833279,0.226308051422222
rs9842505,C3orf20,Excitatory_Neurons,16.5952007105645,1.39518527961871e-43,2.51196498821042e-39,0.693379008750179
rs3732829,LINC02035,Excitatory_Neurons,-4.39235648083217,1.590081234229e-05,0.003014520634235,-0.132758956605645
rs9824439,NMD3,Excitatory_Neurons,4.2062512711967,3.49517233959512e-05,0.00589130980111459,0.106449593715064
rs9842505,FGD5,Excitatory_Neurons,4.0753616938168,5.9839655912388e-05,0.00926652105079424,0.158804136948751
rs2696035,PRIMPOL,Excitatory_Neurons,-11.4059553658034,5.10533711729208e-25,1.91807678142515e-21,-0.314212941067301
rs1518489,ADAMTS3,Excitatory_Neurons,5.16569121235708,4.54636389465522e-07,0.000132072602092127,0.174052873441028
rs2545803,FAM193B,Excitatory_Neurons,3.75153247156035,0.000213477662442631,0.0261942549961524,0.0647828024070699
rs2545803,FAM153A,Excitatory_Neurons,3.73603074392502,0.000226400920212933,0.0274223008787299,0.185881703184041
rs13204743,TDRD6,Excitatory_Neurons,10.6736682901718,1.49979716573163e-22,4.45377524631551e-19,0.40077751525297
rs13204743,SLC25A27,Excitatory_Neurons,-5.14153771273877,5.11429379187604e-07,0.00014647889705107,-0.168789315443579
rs13204743,PLA2G7,Excitatory_Neurons,-4.52216232859497,9.03563061581546e-06,0.00185223113004663,-0.176319623996329
rs7820678,SMIM19,Excitatory_Neurons,-4.00305985779869,8.00690938011028e-05,0.0118066286410712,-0.0912658487386264
rs13265932,ADAM7,Excitatory_Neurons,3.57365860626082,0.000414159003875815,0.0438568655991949,0.139050363653428
rs1358911,SHOC1,Excitatory_Neurons,-3.65628624519067,0.000305390047529189,0.0346381679816235,-0.0987708074766193
rs1251386,ARHGAP12,Microglia,4.54379123788214,8.25820454922768e-06,0.00877787043027859,0.225704878011201
rs10510094,NSMCE4A,Microglia,3.49070016900301,0.000560386357295747,0.228188436594615,0.182687323523263
rs2276025,FEZ1,Microglia,-3.54984179963386,0.000452713425167239,0.200379717941553,-0.190416754622087
rs2675555,TMTC4,Microglia,-4.63102566689579,5.60180100295489e-06,0.00631147979518357,-0.192668585441483
rs8041454,LACTB,Microglia,-4.2832042618015,2.54311502750202e-05,0.0225517097115089,-0.213356429572215
rs1991401,DDX5,Microglia,3.41774112619061,0.000726258730849406,0.265629884206134,0.252187723969264
rs9967332,MPPE1,Microglia,5.30679259532175,2.28851532206506e-07,0.000397564179909923,0.245430846481516
rs1912579,ZNF100,Microglia,-3.3802247150547,0.00082843086721531,0.28502711060844,-0.314544391791458
rs1796844,SDCCAG8,Microglia,-6.01821839093673,5.57279129076839e-09,1.48315058940501e-05,-0.297913564501518
rs6658057,LRRC8B,Microglia,-4.24635381993046,2.96897424011264e-05,0.0256820051742177,-0.239872000684273
rs3769821,CASP8,Microglia,4.68749966911414,4.34385140585849e-06,0.00509454790053793,0.250441846988875
rs9842505,C3orf20,Microglia,5.59089207778778,5.41044517491748e-08,0.000116320564140514,0.429428192979872
rs7450368,CAP2,Microglia,3.32725247991711,0.000995673020120942,0.31398657678916,0.170527065214679
