SNP,CHR,BP,P
rs11138316,9,82258983.0,9.408e-07
rs10159914,10,66328938.0,9.756e-07
rs7646945,3,29774045.0,9.904e-07
rs60700588,8,40749332.0,1.013e-06
rs4812689,20,41815941.0,1.017e-06
rs1151490,11,65390485.0,1.035e-06
rs7657795,4,145009802.0,1.044e-06
rs9843908,3,196905773.0,1.07e-06
rs11630265,15,59159826.0,1.083e-06
rs4764719,12,103370585.0,1.112e-06
rs834201,1,27403851.0,1.126e-06
rs396977,13,89060548.0,1.136e-06
rs6927024,6,11960706.0,1.153e-06
rs2099108,14,81675420.0,1.171e-06
rs8039861,15,98276302.0,1.197e-06
rs10854830,22,45542657.0,1.2e-06
rs17378634,1,234644272.0,1.212e-06
rs7136702,12,50880216.0,1.218e-06
rs941448,17,17654542.0,1.221e-06
rs10042008,5,7206847.0,1.224e-06
rs7130664,11,29931003.0,1.253e-06
rs9428817,1,239171701.0,1.257e-06
rs10931729,2,197057671.0,1.275e-06
rs9427116,1,154631123.0,1.28e-06
rs1377923,1,191090626.0,1.288e-06
rs13111136,4,30736724.0,1.289e-06
rs442195,20,38263108.0,1.307e-06
rs6589296,11,112340860.0,1.347e-06
rs8046992,16,87452584.0,1.349e-06
rs3812831,13,114900150.0,1.352e-06
rs6754371,2,27315064.0,1.386e-06
rs1411557,13,96589737.0,1.445e-06
rs7973838,12,74494940.0,1.456e-06
rs10937232,3,185676165.0,1.486e-06
rs2278141,4,54967358.0,1.519e-06
rs2390725,2,169493207.0,1.524e-06
rs1120004,12,23633432.0,1.549e-06
rs10878577,12,67593841.0,1.55e-06
rs10146921,14,21148319.0,1.591e-06
rs4673657,2,213151230.0,1.601e-06
rs357004,2,60805397.0,1.629e-06
rs9817910,3,18246870.0,1.683e-06
rs2817332,6,50848522.0,1.684e-06
rs10761236,9,96311194.0,1.694e-06
rs902780,6,119108363.0,1.714e-06
rs10144144,14,93820274.0,1.741e-06
rs1571551,1,38737441.0,1.78e-06
rs6826091,4,19188801.0,1.78e-06
rs2149317,13,96871701.0,1.881e-06
rs2285640,17,34951204.0,1.891e-06
rs12714516,3,81076033.0,1.911e-06
rs7280077,21,47872606.0,1.916e-06
rs4660731,1,43793214.0,1.917e-06
rs156084,5,139543125.0,1.97e-06
rs2076590,1,112263682.0,1.988e-06
rs2554132,18,72615452.0,2.013e-06
rs3845188,10,21383583.0,2.053e-06
rs6765484,3,50041313.0,2.065e-06
rs4335021,6,32386619.0,2.066e-06
rs223612,6,143714240.0,2.115e-06
rs173555,5,126528653.0,2.126e-06
rs1966246,13,40573603.0,2.14e-06
rs9641538,7,115031575.0,2.179e-06
rs326359,3,107820619.0,2.283e-06
rs12294291,11,83197722.0,2.395e-06
rs2472708,17,18917237.0,2.399e-06
rs6662,7,140706157.0,2.478e-06
rs10043260,5,152012755.0,2.609e-06
rs7523654,1,115861265.0,2.73e-06
rs8112050,19,32631274.0,2.756e-06
rs35483472,15,34653914.0,2.786e-06
rs1509240,4,23366446.0,2.832e-06
rs12691800,2,149328360.0,2.859e-06
rs10814070,9,34129839.0,2.914e-06
rs2536266,7,85897399.0,3.005e-06
rs2251854,21,35056247.0,3.008e-06
rs6421150,5,138866787.0,3.049e-06
rs4267506,2,215272589.0,3.074e-06
rs1607331,2,199594244.0,3.075e-06
rs331112,2,150855837.0,3.122e-06
rs1591425,1,4495702.0,3.18e-06
rs7225476,17,78561603.0,3.18e-06
rs4626214,4,97727069.0,3.189e-06
rs9841304,3,30132475.0,3.285e-06
rs2189336,17,5326162.0,3.326e-06
rs11916627,3,23226869.0,3.46e-06
rs1360695,9,122549086.0,3.552e-06
rs2297293,21,47125046.0,3.617e-06
rs7752452,6,93055147.0,3.638e-06
rs2039334,10,34063999.0,3.653e-06
rs9846735,3,196061961.0,3.758e-06
rs2979148,8,8262041.0,3.764e-06
rs132533,22,29299571.0,3.911e-06
rs2953194,11,123384410.0,3.932e-06
6:43188716_A_T,6,43188716.0,3.948e-06
rs2942687,13,65360751.0,3.951e-06
rs7739433,6,73795200.0,3.962e-06
rs7514031,1,84273504.0,3.987e-06
rs1500707,3,56876636.0,4.035e-06
rs1742102,14,91164731.0,4.166e-06
rs11055879,12,14405887.0,4.169e-06
rs3820755,2,144964365.0,4.189e-06
rs10935211,3,136662954.0,4.215e-06
rs4265955,2,147615681.0,4.307e-06
rs9864337,3,21683371.0,4.373e-06
rs4758662,12,122924778.0,4.385e-06
rs6494623,15,67331006.0,4.42e-06
rs4981184,14,33800441.0,4.421e-06
rs2149992,9,128738591.0,4.586e-06
rs1946058,11,126685207.0,4.594e-06
rs10071669,5,126271596.0,4.727e-06
rs4442331,1,177772815.0,4.777e-06
rs1337551,1,95941654.0,4.869e-06
rs12713980,2,79440822.0,4.875e-06
rs62085738,18,26316623.0,4.91e-06
rs6842621,4,144501860.0,4.921e-06
rs7924047,10,123637627.0,4.944e-06
rs913479,14,70620246.0,4.996e-06
rs2397977,5,6760499.0,5.019e-06
rs2500491,1,244250561.0,5.098e-06
rs9855893,3,175167277.0,5.122e-06
12:123339344_A_G,12,123339344.0,5.17e-06
rs1847608,5,174472535.0,5.191e-06
rs2879609,2,23939480.0,5.198e-06
rs2495051,1,14048199.0,5.266e-06
rs2342071,3,196585388.0,5.307e-06
rs1574387,20,62134228.0,5.33e-06
rs2137777,11,18009721.0,5.347e-06
rs4602341,3,127733091.0,5.386e-06
rs1631474,15,56811228.0,5.413e-06
rs9824340,3,43902170.0,5.416e-06
rs10471645,5,64295363.0,5.494e-06
rs6065926,20,44735854.0,5.497e-06
rs4815035,20,21258119.0,5.525e-06
rs6467557,7,134471211.0,5.571e-06
rs6879929,5,115417261.0,5.588e-06
rs6720355,2,228333658.0,5.599e-06
rs58764649,14,35643883.0,5.648e-06
rs7021386,9,74668288.0,5.78e-06
rs6767056,3,25525730.0,5.794e-06
rs13027919,2,37567636.0,5.795e-06
rs1879901,7,140246894.0,5.804e-06
rs2471284,7,139978094.0,5.915e-06
rs10733465,9,32932194.0,5.917e-06
rs1849639,7,108625577.0,5.932e-06
rs1078321,8,1022377.0,5.987e-06
rs2935790,8,109734774.0,5.989e-06
rs1995794,5,118751289.0,6.069e-06
rs13400213,2,39995908.0,6.131e-06
rs568300,9,35093020.0,6.146e-06
rs28701975,1,38272307.0,6.147e-06
rs12040431,1,61935306.0,6.16e-06
rs1558655,2,40586022.0,6.244e-06
rs12617897,2,208077446.0,6.249e-06
rs12940239,17,53068930.0,6.265e-06
rs4777185,15,64672593.0,6.354e-06
rs186262,17,28884532.0,6.4e-06
rs13019272,2,160658863.0,6.521e-06
rs2209592,10,130963500.0,6.773e-06
rs10900600,1,204559707.0,6.815e-06
rs7764499,6,68941248.0,7.079e-06
rs6851124,4,21715318.0,7.159e-06
rs4235835,6,88643072.0,7.272e-06
rs11986453,8,135912304.0,7.33e-06
rs7233223,18,71254195.0,7.468e-06
rs7916242,10,54048234.0,7.478e-06
rs10119230,9,83101100.0,7.482e-06
rs6531941,4,87895960.0,7.536e-06
rs6656,7,44606098.0,7.632e-06
rs6496165,15,96844005.0,7.681e-06
rs9520817,13,108846787.0,7.853e-06
rs557700,15,48083026.0,7.858e-06
rs6489486,12,3715360.0,7.912e-06
rs9665552,10,8811034.0,7.92e-06
rs12600975,17,4177336.0,8.005e-06
rs6982152,8,64779013.0,8.009e-06
rs35281738,4,169999739.0,8.04e-06
rs4350933,3,160955879.0,8.137e-06
rs8013990,14,66334910.0,8.322e-06
rs1544366,7,24758248.0,8.332e-06
rs2803329,1,1874581.0,8.354e-06
rs860002,7,71584805.0,8.382e-06
rs4793886,17,55731791.0,8.439e-06
rs4473643,4,28746210.0,8.472e-06
rs1865922,15,35060960.0,8.506e-06
rs2381755,2,146393483.0,8.545e-06
rs2494655,10,101209006.0,8.594e-06
rs4073568,18,72265601.0,8.621e-06
rs2558096,2,137531830.0,8.65e-06
rs4582919,10,62104776.0,8.705e-06
rs4652130,1,175809524.0,8.832e-06
rs2270163,7,139488835.0,8.878e-06
rs1521470,7,45646852.0,8.923e-06
rs56407270,1,166902106.0,8.949e-06
rs4765843,12,1868726.0,8.967e-06
rs6975132,7,82436183.0,8.998e-06
rs6651438,8,1794023.0,9.039e-06
rs4790356,17,2586229.0,9.054e-06
rs4731386,7,127565818.0,9.118e-06
rs4307773,12,51144432.0,9.305e-06
rs2708149,2,58951187.0,9.431e-06
rs7633840,3,48719638.0,9.5e-06
rs1546044,4,149332944.0,9.541e-06
rs6504424,17,64387328.0,9.56e-06
rs13237297,7,113424404.0,9.611e-06
rs2250982,19,4945914.0,9.613e-06
rs2966833,5,107671932.0,9.671e-06
rs10800632,1,199436138.0,9.864e-06
rs830645,3,71665384.0,9.933e-06
rs11668896,19,2278007.0,1e-05
rs11264110,1,35636227.0,1.005e-05
rs132145,22,48073864.0,1.01e-05
rs769978,1,56074879.0,1.011e-05
rs11960719,5,158644793.0,1.016e-05
rs6978317,7,2282964.0,1.038e-05
rs12705844,7,112701934.0,1.043e-05
rs793247,11,19323503.0,1.049e-05
rs1404605,8,69206699.0,1.051e-05
rs985059,2,40284963.0,1.052e-05
rs3118818,13,62826873.0,1.059e-05
rs1449608,4,62035461.0,1.068e-05
rs2615510,6,114213280.0,1.08e-05
rs803370,1,44677803.0,1.09e-05
rs6441397,3,161422429.0,1.09e-05
rs335886,7,126000561.0,1.1e-05
rs987484,10,15397717.0,1.102e-05
rs6438842,3,124083957.0,1.106e-05
rs2627320,15,81027422.0,1.11e-05
rs9356119,6,163997379.0,1.111e-05
rs4444457,2,141260668.0,1.112e-05
rs4765142,12,124806051.0,1.124e-05
rs7515144,1,174443736.0,1.144e-05
rs574748,6,72703694.0,1.145e-05
rs892939,3,24556894.0,1.149e-05
rs3826036,15,93467391.0,1.16e-05
rs7899336,10,102647686.0,1.178e-05
rs4685422,3,17110874.0,1.191e-05
rs12597084,16,5819620.0,1.195e-05
rs61926817,12,76505313.0,1.195e-05
rs2583636,4,83153179.0,1.208e-05
rs4698921,4,105414222.0,1.219e-05
rs1486967,2,140979528.0,1.223e-05
rs442972,21,40534757.0,1.232e-05
rs507506,17,7118322.0,1.233e-05
rs2473938,6,113442937.0,1.235e-05
rs1346250,11,38983532.0,1.246e-05
rs4950076,1,95577297.0,1.258e-05
rs4635079,11,22177764.0,1.272e-05
rs333238,2,108603628.0,1.287e-05
rs1462211,11,41053180.0,1.292e-05
rs273716,18,23167150.0,1.297e-05
rs2263655,20,1508099.0,1.297e-05
rs11150462,16,82451679.0,1.297e-05
rs4852780,2,71620111.0,1.309e-05
rs783610,6,93333339.0,1.318e-05
rs11240341,1,205015284.0,1.338e-05
rs1460362,4,42644312.0,1.347e-05
rs4649003,1,24929855.0,1.355e-05
rs35929648,17,47002543.0,1.359e-05
rs6534338,4,123026869.0,1.361e-05
rs12899068,15,51538810.0,1.366e-05
rs11661619,18,25362585.0,1.371e-05
rs9983656,21,25192803.0,1.402e-05
rs781375,14,52896997.0,1.408e-05
rs7930653,11,28032108.0,1.414e-05
rs251254,5,172479228.0,1.416e-05
rs1972338,1,171880579.0,1.46e-05
rs6037811,20,4287971.0,1.468e-05
rs6866017,5,23236981.0,1.469e-05
rs11254015,10,16522078.0,1.475e-05
rs7015855,8,13660787.0,1.483e-05
rs2648539,3,9400424.0,1.486e-05
rs6746395,2,50243779.0,1.506e-05
rs2594358,8,109256018.0,1.539e-05
rs930266,8,103683191.0,1.556e-05
rs6530965,8,12601155.0,1.562e-05
rs11725741,4,162732810.0,1.562e-05
rs2357645,2,194247107.0,1.565e-05
rs2151755,14,65578874.0,1.576e-05
rs4306886,3,82292706.0,1.585e-05
rs1907371,10,27968497.0,1.586e-05
rs8058437,16,74615424.0,1.606e-05
rs2237967,11,17492664.0,1.636e-05
rs34686340,2,24241950.0,1.645e-05
rs7208334,17,77099116.0,1.646e-05
rs13070810,3,177350569.0,1.656e-05
rs12071705,1,151430504.0,1.663e-05
rs6497690,16,10201727.0,1.681e-05
rs840830,5,87001312.0,1.682e-05
rs2733214,15,44463424.0,1.683e-05
rs10032113,4,62598189.0,1.705e-05
rs2432539,16,56420987.0,1.706e-05
rs7788070,7,32971838.0,1.713e-05
rs7278528,21,44361358.0,1.714e-05
15:58764088_G_T,15,58764088.0,1.747e-05
rs1405872,2,156852897.0,1.751e-05
rs10849144,12,4899032.0,1.774e-05
rs368894,6,64595973.0,1.781e-05
rs12617139,2,153000337.0,1.785e-05
rs10751832,10,2056743.0,1.8e-05
rs4821501,22,36954939.0,1.817e-05
rs1044013,1,154243115.0,1.827e-05
rs2836171,21,39526409.0,1.828e-05
rs3845702,2,180848488.0,1.841e-05
rs10216270,7,9587536.0,1.906e-05
rs9920314,15,31627886.0,1.924e-05
rs7520025,1,8698277.0,2.007e-05
rs3853429,9,15194098.0,2.014e-05
rs3742786,14,75373011.0,2.015e-05
rs1965104,19,50140649.0,2.024e-05
rs456012,13,44251815.0,2.081e-05
rs7520915,1,50555662.0,2.082e-05
rs7481759,11,45349128.0,2.088e-05
rs265414,5,114533217.0,2.09e-05
rs2540048,2,59287307.0,2.096e-05
rs58198851,2,62490645.0,2.152e-05
rs7109500,11,560871.0,2.167e-05
rs2463955,10,77443038.0,2.17e-05
rs2670314,20,3639019.0,2.192e-05
rs6736848,2,155868667.0,2.235e-05
rs761840,6,131114301.0,2.247e-05
rs10774563,12,121060780.0,2.249e-05
rs11772157,7,98077040.0,2.252e-05
rs173032,18,29795076.0,2.261e-05
rs2054208,4,163804589.0,2.272e-05
rs403235,7,78335345.0,2.282e-05
rs34140486,15,80433836.0,2.297e-05
rs10223650,6,123053028.0,2.3e-05
rs12278709,11,113808757.0,2.332e-05
rs10920566,1,190088325.0,2.344e-05
rs2874224,6,78063725.0,2.379e-05
rs13117476,4,1334721.0,2.39e-05
rs855719,9,33817617.0,2.475e-05
rs286790,5,107413117.0,2.482e-05
rs4244196,1,173390196.0,2.489e-05
rs7022345,9,7173752.0,2.5e-05
rs2057865,7,8549477.0,2.513e-05
rs8107967,19,7972615.0,2.514e-05
rs1338266,6,93646297.0,2.54e-05
rs1969849,13,96300403.0,2.546e-05
rs9598786,13,34778753.0,2.575e-05
rs60046962,4,6179711.0,2.623e-05
rs9907053,17,10209347.0,2.631e-05
rs160217,3,12130637.0,2.643e-05
22:44173134_G_C,22,44173134.0,2.649e-05
rs7617641,3,61258964.0,2.682e-05
rs151880,5,127188793.0,2.705e-05
rs1891423,1,207931913.0,2.724e-05
rs1870189,10,92848811.0,2.737e-05
rs11868116,17,20029593.0,2.759e-05
rs484926,2,166937584.0,2.769e-05
rs7641821,3,64225376.0,2.793e-05
rs6984260,8,102817593.0,2.868e-05
rs6489131,12,127302327.0,2.877e-05
rs34747475,4,139827434.0,2.889e-05
rs10760502,9,130565267.0,2.902e-05
rs2457497,15,82431219.0,2.913e-05
rs10101804,8,140695724.0,2.938e-05
rs2673712,3,120015214.0,2.968e-05
rs4801358,19,57193509.0,2.999e-05
rs1098080,3,31100532.0,3.024e-05
rs1822616,2,55283878.0,3.029e-05
rs2673579,8,133516071.0,3.029e-05
rs1275935,2,26961857.0,3.036e-05
rs2686324,3,20057456.0,3.045e-05
rs8012138,14,62480908.0,3.051e-05
rs2449339,8,22387981.0,3.059e-05
rs281299,15,47686081.0,3.06e-05
rs247227,5,61660355.0,3.062e-05
rs1213947,2,124822881.0,3.064e-05
rs2061607,2,18076052.0,3.077e-05
rs7740279,6,30760696.0,3.09e-05
rs666796,18,59681883.0,3.095e-05
rs226005,16,21620547.0,3.146e-05
rs10746953,9,76917840.0,3.149e-05
rs987854,1,193639004.0,3.152e-05
rs663142,1,5300124.0,3.164e-05
rs1396285,4,101625555.0,3.173e-05
rs2243521,21,30431730.0,3.217e-05
rs4599076,2,189171810.0,3.236e-05
rs1379396,17,52105194.0,3.253e-05
rs7150043,14,34182289.0,3.27e-05
rs4848722,2,122572573.0,3.302e-05
rs3101714,5,3081146.0,3.323e-05
rs9317481,13,65619129.0,3.324e-05
rs9531928,13,86701556.0,3.328e-05
rs7572306,2,197324642.0,3.347e-05
rs550552,11,74099636.0,3.374e-05
rs6844692,4,48479418.0,3.385e-05
rs10860154,12,97544446.0,3.388e-05
rs3858136,10,67770279.0,3.406e-05
rs12030823,1,49388770.0,3.424e-05
rs6045712,20,18938905.0,3.425e-05
rs11930272,4,174429596.0,3.471e-05
rs4132958,1,146964025.0,3.503e-05
rs423130,17,74416189.0,3.546e-05
rs2338568,12,110264165.0,3.6e-05
rs227932,7,23624475.0,3.638e-05
rs4506138,7,138587479.0,3.654e-05
16:62315105_T_C,16,62315105.0,3.658e-05
rs3768320,1,40032239.0,3.661e-05
rs4146115,2,65753994.0,3.668e-05
rs1033935,10,3381830.0,3.669e-05
rs8007560,14,40115455.0,3.691e-05
rs491700,6,167171838.0,3.716e-05
rs6471223,8,135394086.0,3.737e-05
rs609353,11,117420356.0,3.749e-05
rs12675249,8,112377188.0,3.765e-05
rs7170302,15,51211110.0,3.789e-05
rs9326769,5,108653720.0,3.792e-05
rs4245239,18,49508952.0,3.797e-05
rs7854749,9,37114956.0,3.799e-05
rs641564,1,30862804.0,3.808e-05
rs278545,8,94221229.0,3.815e-05
rs4711651,6,40835164.0,3.818e-05
rs1881502,11,1507512.0,3.873e-05
rs2391139,1,92727610.0,3.888e-05
rs490498,1,155880952.0,3.929e-05
rs3767498,1,201020727.0,3.959e-05
rs7634956,3,29463968.0,3.973e-05
rs760650,1,175525540.0,3.983e-05
rs3766694,1,175143207.0,4.048e-05
rs4636910,16,90137134.0,4.054e-05
rs403488,5,178757626.0,4.058e-05
rs1251386,10,32319114.0,4.085e-05
rs1371248,4,161314936.0,4.103e-05
rs7798970,7,89636224.0,4.153e-05
rs8070040,17,30822474.0,4.154e-05
rs2327440,6,11485622.0,4.17e-05
rs62298896,3,176708474.0,4.194e-05
rs7183413,15,30133953.0,4.199e-05
rs1995252,12,59575430.0,4.206e-05
rs2537832,17,65634299.0,4.225e-05
rs9374777,6,119377499.0,4.226e-05
rs10809307,9,11045908.0,4.231e-05
rs3784713,15,68073013.0,4.318e-05
rs4262318,8,52678558.0,4.364e-05
rs6084569,20,4026567.0,4.369e-05
rs654868,7,18354164.0,4.395e-05
rs13248631,8,38260815.0,4.406e-05
rs1463547,11,134916544.0,4.414e-05
rs1947577,12,23258110.0,4.482e-05
rs6887632,5,11854879.0,4.503e-05
rs824600,10,25696154.0,4.516e-05
rs2251551,9,130284652.0,4.541e-05
rs3884503,2,29709401.0,4.558e-05
rs7023321,9,95720621.0,4.566e-05
rs1107964,15,36149397.0,4.581e-05
rs9552942,13,23968179.0,4.632e-05
rs1545881,8,77820550.0,4.66e-05
rs4955931,3,55181282.0,4.668e-05
rs12753540,1,35363186.0,4.671e-05
rs698748,19,1424888.0,4.675e-05
rs966221,5,59502520.0,4.71e-05
rs7517754,1,224544529.0,4.736e-05
rs1440461,7,154849623.0,4.758e-05
rs12335054,8,58412193.0,4.765e-05
rs9316337,13,21962207.0,4.767e-05
rs2111880,2,159339424.0,4.774e-05
rs127082,6,72232925.0,4.787e-05
rs7729320,5,38725149.0,4.836e-05
rs6916331,6,71090933.0,4.885e-05
rs399754,4,114092317.0,4.941e-05
rs3796061,2,103343234.0,4.972e-05
rs4902295,14,65064964.0,4.99e-05
rs373170,13,113411429.0,5.022e-05
rs2860731,2,76435772.0,5.063e-05
rs2514601,8,119648391.0,5.08e-05
rs6030225,20,41057271.0,5.089e-05
rs509555,5,152876121.0,5.092e-05
rs11656741,17,76680260.0,5.097e-05
rs6487367,12,24104498.0,5.173e-05
rs10109318,8,14156422.0,5.18e-05
rs2996027,12,120164283.0,5.202e-05
rs265944,5,174800701.0,5.204e-05
rs12902690,15,75139696.0,5.215e-05
rs7515024,1,193211208.0,5.255e-05
rs1456400,4,154735231.0,5.259e-05
rs6841717,4,55278143.0,5.282e-05
rs6740232,2,127886947.0,5.287e-05
rs1260346,6,123966891.0,5.323e-05
rs9599136,13,67280972.0,5.36e-05
rs13323506,3,12737231.0,5.363e-05
rs4739782,8,81987666.0,5.381e-05
rs10053964,5,106277649.0,5.424e-05
rs4729703,7,101039836.0,5.475e-05
rs1487711,11,104325711.0,5.519e-05
rs2709406,2,208539066.0,5.52e-05
rs10821977,10,64073927.0,5.539e-05
rs1381141,12,88238640.0,5.553e-05
rs4846833,1,230251823.0,5.555e-05
rs55970333,3,10413341.0,5.564e-05
rs728323,1,102374280.0,5.612e-05
rs6547002,2,75683116.0,5.657e-05
rs4054010,3,76263027.0,5.677e-05
rs6892500,5,51173727.0,5.728e-05
rs6439400,3,133000230.0,5.747e-05
rs1776314,1,80697160.0,5.759e-05
rs7539624,1,223906827.0,5.825e-05
rs10475541,5,169592906.0,5.84e-05
rs2194552,2,229314935.0,5.862e-05
rs374206,4,131669646.0,5.87e-05
rs2811529,3,127994160.0,5.895e-05
rs1511712,8,114885107.0,5.907e-05
rs4653212,1,37175329.0,5.927e-05
rs2631711,15,39984039.0,5.932e-05
rs1823968,7,61866971.0,5.943e-05
rs10932839,2,221054475.0,5.971e-05
rs10204824,2,148372720.0,5.978e-05
rs7308005,12,12168956.0,6.014e-05
rs3013667,6,120628974.0,6.11e-05
rs10078642,5,60900104.0,6.195e-05
rs10902474,12,132410009.0,6.196e-05
rs4666949,2,184839195.0,6.238e-05
rs616973,7,4212705.0,6.265e-05
rs427065,18,61034175.0,6.281e-05
rs2235046,7,87174066.0,6.281e-05
rs10862476,12,77133805.0,6.342e-05
rs28546764,4,66378484.0,6.456e-05
rs7804471,7,71312500.0,6.483e-05
rs2844746,6,30339602.0,6.496e-05
rs1897646,4,59106934.0,6.534e-05
rs7437307,4,19484765.0,6.601e-05
rs878674,13,58394619.0,6.637e-05
rs1449065,2,200293506.0,6.717e-05
rs330348,5,124926147.0,6.722e-05
rs6495174,15,75712481.0,6.748e-05
rs11265323,1,160076224.0,6.781e-05
rs2190310,7,16561687.0,6.788e-05
rs8017618,14,85557281.0,6.799e-05
rs735495,15,49657019.0,6.801e-05
rs1544796,19,58542425.0,6.826e-05
rs10865247,2,50715796.0,6.874e-05
rs7113564,11,11179426.0,6.91e-05
rs2381407,2,144042333.0,6.945e-05
rs2593524,13,69921011.0,7.006e-05
rs4964665,12,108628067.0,7.018e-05
rs869224,18,50977798.0,7.075e-05
rs1337672,13,45342951.0,7.091e-05
rs808994,8,116429998.0,7.132e-05
rs11127920,3,86196664.0,7.149e-05
rs1512307,4,45145070.0,7.168e-05
rs11691732,2,101465994.0,7.173e-05
rs4743154,9,100795045.0,7.184e-05
rs6593592,1,96837661.0,7.249e-05
5:50057729_G_A,5,50057729.0,7.271e-05
rs33805,3,45327512.0,7.33e-05
rs1904700,10,52909235.0,7.348e-05
rs2788996,6,118228527.0,7.403e-05
rs10786881,10,107348940.0,7.404e-05
rs6436529,2,157461726.0,7.427e-05
rs4237587,11,98056768.0,7.476e-05
rs9858096,3,193918902.0,7.563e-05
rs12651518,4,20616123.0,7.579e-05
rs10742977,11,6673013.0,7.835e-05
rs4668193,2,170959987.0,7.853e-05
rs4529696,1,89840340.0,7.872e-05
rs4696953,4,20322913.0,7.969e-05
rs968065,13,57451303.0,8.044e-05
rs10796204,10,14614982.0,8.178e-05
rs624259,11,126187868.0,8.292e-05
rs7698199,4,134641078.0,8.32e-05
rs1525797,7,39092262.0,8.365e-05
rs8014125,14,98991120.0,8.376e-05
rs2058732,18,5440912.0,8.398e-05
rs28731147,18,46759190.0,8.45e-05
rs2218571,13,85198610.0,8.462e-05
rs159613,5,59181985.0,8.463e-05
rs4660192,1,41842350.0,8.473e-05
rs1400032,2,86923183.0,8.476e-05
rs4238744,16,62039278.0,8.636e-05
rs6955822,7,106654296.0,8.678e-05
rs2667371,4,140806832.0,8.732e-05
rs2555301,12,119734472.0,8.739e-05
rs8142814,22,22579130.0,8.741e-05
rs12713003,2,48202305.0,8.827e-05
rs7127852,11,73311373.0,8.835e-05
rs532258,11,82933607.0,8.864e-05
rs4872232,8,24279067.0,8.935e-05
rs1880870,12,79597159.0,8.968e-05
rs2079230,17,48676261.0,9.059e-05
rs7554904,1,165510533.0,9.129e-05
rs8032374,15,61593667.0,9.185e-05
rs4418715,10,55820717.0,9.197e-05
rs695624,22,43769511.0,9.2e-05
rs1970057,13,92788518.0,9.377e-05
rs661992,12,30960881.0,9.516e-05
rs9920913,15,49293730.0,9.576e-05
rs12204856,6,66276233.0,9.649e-05
rs2012801,11,112996454.0,9.664e-05
rs9304680,19,49651042.0,9.718e-05
rs7772078,6,13791292.0,9.723e-05
rs4762889,12,22340687.0,9.759e-05
rs1020617,2,5405770.0,9.818e-05
rs3213974,7,32591245.0,9.869e-05
rs2719284,8,34286913.0,9.944e-05
rs1883828,22,41739370.0,0.0001002
rs1426810,3,186503435.0,0.0001006
rs1002130,1,224800929.0,0.0001007
rs10821937,10,63723909.0,0.0001011
rs631355,6,107722548.0,0.0001021
rs4818280,21,18114472.0,0.0001022
rs9400467,6,111424015.0,0.0001023
rs1706630,12,17662639.0,0.0001024
rs1782019,9,25774232.0,0.0001028
rs1559041,2,15336571.0,0.0001033
rs3843947,13,67020957.0,0.0001033
rs10798504,1,177170590.0,0.0001033
rs4863971,4,138009300.0,0.000104
rs4492107,5,136418558.0,0.0001043
rs1933584,9,84948300.0,0.0001047
rs8043729,16,7729656.0,0.0001053
rs1466934,2,8680385.0,0.0001057
rs4701140,5,179034260.0,0.0001063
rs6882259,5,77615535.0,0.0001069
rs12533403,7,129634289.0,0.0001077
rs11134425,5,165833633.0,0.000108
rs3738678,1,83482711.0,0.000108
rs10750859,11,57119552.0,0.0001088
rs7000733,8,94678895.0,0.0001092
rs11640555,16,63997575.0,0.0001099
rs4877619,9,83400829.0,0.00011
rs10922037,1,189390041.0,0.0001101
rs72825333,5,175762026.0,0.0001101
rs4422110,2,146114898.0,0.0001104
rs6532515,4,95817306.0,0.0001111
rs10509378,10,78776559.0,0.0001116
rs1666625,9,114711109.0,0.0001117
rs11118990,1,208297893.0,0.0001124
rs2024079,5,144054862.0,0.000113
rs13068236,3,152035367.0,0.0001131
rs1149185,1,111546531.0,0.0001138
rs12696653,3,191873490.0,0.000114
rs1338324,6,78943314.0,0.0001142
rs10842685,12,26320656.0,0.0001146
rs13003938,2,197854023.0,0.0001146
rs1638419,10,118493063.0,0.0001149
rs10012305,4,6922211.0,0.0001152
rs6742399,2,212300055.0,0.0001154
rs9915323,17,37770481.0,0.0001157
rs7649657,3,28738893.0,0.0001173
rs1205337,20,32926041.0,0.0001177
rs1328725,6,70084568.0,0.0001187
rs7652746,3,49262307.0,0.0001187
rs2064389,6,69425811.0,0.000119
rs8131068,21,20206457.0,0.0001203
rs226822,20,46912735.0,0.0001208
rs341237,18,6401283.0,0.0001219
rs3732829,3,122613279.0,0.0001222
rs3825575,14,50466519.0,0.0001227
rs6565516,17,78965146.0,0.0001227
rs13155749,5,98338796.0,0.0001229
rs1488827,12,26043419.0,0.0001238
rs4932691,17,57094617.0,0.0001239
rs62490792,7,149602855.0,0.0001241
rs12905401,15,54332199.0,0.0001246
rs12434120,14,57423607.0,0.000125
rs7569954,2,54216979.0,0.0001262
rs2600078,3,10840684.0,0.0001267
rs2503286,6,103983395.0,0.000128
rs1088680,14,61997226.0,0.0001283
rs7699661,4,104327365.0,0.0001285
rs12491657,3,78617110.0,0.0001305
rs6723160,2,167205987.0,0.0001313
rs1155530,3,59727802.0,0.0001323
rs2941265,16,15235820.0,0.0001339
rs4923525,11,28299015.0,0.0001343
rs11135233,5,162402330.0,0.0001347
rs7338399,13,82803452.0,0.0001347
rs10171464,2,139211959.0,0.0001354
rs6546811,2,73401931.0,0.0001359
rs7310621,12,14786251.0,0.0001363
rs1181728,7,141119428.0,0.0001369
rs12549606,8,61222003.0,0.0001374
rs1403635,3,2289798.0,0.0001375
rs6437248,2,242175307.0,0.0001375
rs2372671,7,84778392.0,0.0001376
rs4530293,19,13629124.0,0.0001385
rs822582,1,157016720.0,0.0001386
rs4129735,3,70221610.0,0.0001388
rs455747,13,53361230.0,0.0001389
rs1478126,2,194535227.0,0.0001391
rs6551862,4,65552316.0,0.0001395
rs2430853,18,2656248.0,0.0001407
rs393329,16,12070422.0,0.000142
rs7757864,6,86381361.0,0.0001426
rs6806768,3,150238549.0,0.0001429
rs9309197,2,50993896.0,0.000143
rs11971512,7,5280803.0,0.0001431
rs10978345,9,108689648.0,0.0001433
rs656679,5,89879259.0,0.0001454
rs1109537,8,117123012.0,0.0001467
rs1401644,2,22080649.0,0.0001471
rs4731961,7,133219300.0,0.0001485
rs2929726,5,17211649.0,0.0001504
rs332863,19,38653097.0,0.0001516
rs921675,11,68869034.0,0.0001519
rs10156337,8,61811321.0,0.0001521
rs2096982,6,162660989.0,0.0001523
rs2713935,15,56546212.0,0.0001524
rs1466847,3,140324012.0,0.0001533
rs1447324,4,181150585.0,0.0001533
rs7562585,2,210378670.0,0.0001534
rs321234,1,96479066.0,0.0001538
rs12953286,17,35920839.0,0.0001553
rs8033222,15,57864355.0,0.0001563
rs2264202,2,147882880.0,0.0001571
rs7433340,3,37726035.0,0.0001574
rs340837,1,214162734.0,0.0001581
rs4942277,13,44680375.0,0.0001587
rs8045501,16,27985961.0,0.0001596
rs2969972,18,48108763.0,0.0001606
rs1703599,13,108514538.0,0.0001612
rs6552515,4,182558005.0,0.0001622
rs4796500,17,6358102.0,0.0001632
rs2989585,9,80997705.0,0.0001654
rs13210417,6,46074143.0,0.0001659
rs1911145,7,123363658.0,0.000168
rs2975923,9,72650716.0,0.0001683
rs10891143,11,110435021.0,0.0001689
rs6567053,18,56767327.0,0.0001703
rs7833995,8,110814738.0,0.0001721
rs319748,17,31554533.0,0.0001784
rs848753,22,49724235.0,0.0001784
rs3796048,2,207079739.0,0.0001789
rs838875,12,125145394.0,0.0001815
rs11680207,2,119928438.0,0.0001817
rs1079059,7,157461870.0,0.0001828
rs585058,3,124838096.0,0.0001832
rs1380888,13,66440558.0,0.000186
rs1150145,2,157178819.0,0.0001894
rs4951292,1,204007528.0,0.0001901
rs10234171,7,147207930.0,0.0001903
rs998364,11,41603207.0,0.0001915
rs7989848,13,110283468.0,0.0001927
rs6538972,12,101211766.0,0.0001934
rs521135,5,80288174.0,0.0001945
rs795373,4,140512595.0,0.0001986
rs13004603,2,17370937.0,0.0002001
rs1843634,3,21998549.0,0.0002001
rs2819693,16,13399322.0,0.0002003
rs17819294,15,56199582.0,0.0002012
rs7328598,13,109345421.0,0.0002023
rs6465034,7,85617211.0,0.0002035
rs1408449,6,87659290.0,0.000207
rs2256324,10,7520877.0,0.0002123
rs11895185,2,193450977.0,0.0002128
rs2835293,21,37542418.0,0.0002129
rs35775492,17,53467616.0,0.000213
rs10880795,12,45881423.0,0.0002196
rs907233,18,47647053.0,0.000225
rs2130392,4,185639169.0,0.000232
rs6131943,20,17381179.0,0.0002347
rs9860880,3,80235392.0,0.0002408
rs1891361,10,127523959.0,0.000241
rs9912844,17,20291257.0,0.0002416
rs12153263,5,20300832.0,0.0002429
rs34501993,1,222609288.0,0.0002443
rs535730,6,137965665.0,0.0002471
rs17055205,8,26279865.0,0.0002488
rs13131254,4,178854811.0,0.0002493
rs11842146,13,42922506.0,0.0002532
rs6470812,8,131340265.0,0.0002644
rs4664352,2,161536443.0,0.0002702
rs10905936,10,11412358.0,0.0002713
rs11928389,3,50927009.0,0.0002758
rs3809114,12,57848639.0,0.0002769
rs28431115,17,70183702.0,0.0002773
rs7656806,4,138271322.0,0.0002817
rs34210596,14,89402587.0,0.0002838
rs1348965,11,45663568.0,0.000285
rs2906566,7,11123566.0,0.0002875
rs7325952,13,75032773.0,0.0002893
rs4706938,6,82910247.0,0.0002895
rs12152320,3,53240104.0,0.000291
rs9520479,13,108186578.0,0.0002924
rs2545803,5,176960647.0,0.0002952
rs1506672,8,56275507.0,0.000298
rs10772683,12,13636176.0,0.0002984
rs11081827,18,31390228.0,0.0003018
rs11076713,16,88822747.0,0.0003029
rs1092269,5,115675635.0,0.0003075
rs3785415,16,89260563.0,0.0003096
rs2413839,15,47211765.0,0.0003096
rs254019,5,103948790.0,0.0003131
rs8041454,15,63485976.0,0.0003193
rs874312,2,217421665.0,0.000322
rs9518395,13,102069075.0,0.0003281
rs626747,11,121521844.0,0.0003301
rs6956825,7,127032807.0,0.0003304
rs1351394,12,66351826.0,0.0003322
rs9383984,6,152626689.0,0.0003367
rs2077516,3,32351650.0,0.0003499
rs2335408,1,154915977.0,0.0003608
rs1438807,9,81579911.0,0.0003616
rs6847018,4,133791801.0,0.0003636
rs7162628,15,101216020.0,0.0003735
rs4718995,7,70220123.0,0.0003782
rs7179513,15,37839495.0,0.0003804
rs4256374,5,144512126.0,0.0003805
rs12306743,12,131025076.0,0.0003931
rs4389330,2,227957483.0,0.0003967
rs163996,6,94037427.0,0.0003989
rs2159357,17,74698491.0,0.000402
rs1976551,15,49923026.0,0.0004081
rs9513785,13,101330547.0,0.0004175
rs9808685,21,34785672.0,0.0004185
rs2941657,8,106372180.0,0.0004268
rs11694649,2,12695930.0,0.0004421
rs13401870,2,68340446.0,0.0004477
rs156191,5,33308644.0,0.0004534
rs12993856,2,231015638.0,0.0004574
rs4703801,5,79432305.0,0.0004619
rs1477440,18,53696010.0,0.0004648
rs6975769,7,8981801.0,0.0004698
rs11173679,12,61356665.0,0.0004733
rs5764751,22,45887333.0,0.0004792
rs2876490,20,18378930.0,0.0004859
rs11161570,1,85721911.0,0.0004881
rs10088007,8,38716574.0,0.0004891
rs1050921,18,77907083.0,0.0004968
rs10455323,6,77608445.0,0.0005005
rs2627348,8,3745855.0,0.0005111
rs4420938,4,167323426.0,0.0005177
rs9385269,6,98547979.0,0.0005187
rs35037368,17,13953598.0,0.0005401
rs254442,5,141764170.0,0.0005761
