SNP,CHR,BP,Z,P,MAF,CARS_stat,BH_raw,BH_GC,AdaptZ,CARS,CARS_exclusive
rs1251386,10,32319114.0,-4.076963147409978,4.085e-05,0.455,0.0993622468502687,True,False,False,True,True
rs1371248,4,161314936.0,-4.08809427858496,4.103e-05,0.494,0.06498083453877825,True,False,False,True,True
rs7700817,5,50064292.0,-4.08956516087626,4.183e-05,0.14300000000000002,0.1353138940779116,True,False,False,True,True
rs35797651,9,4788616.0,-4.084224333398366,4.271e-05,0.28900000000000003,0.10092828996012966,True,False,False,True,True
rs10771763,12,30896671.0,-4.077233909754359,4.297e-05,0.252,0.12646081040747936,True,False,False,True,True
rs7528296,1,172381383.0,-4.0802186117631996,4.443e-05,0.41500000000000004,0.09402043575715714,True,False,False,True,True
rs6593340,7,51312002.0,-4.084547402515139,4.451e-05,0.29100000000000004,0.10352047959429596,True,False,False,True,True
rs7612076,3,67299754.0,-4.076779713626603,4.462e-05,0.424,0.10030332446626662,True,False,False,True,True
rs824600,10,25696154.0,-4.086742436447661,4.516e-05,0.353,0.08891686092756187,True,False,False,True,True
rs1131171,2,232326417.0,-4.074929059331291,4.523e-05,0.272,0.1337428245514013,True,False,False,True,True
rs13075818,3,11686389.0,-4.071173621443889,4.553e-05,0.44799999999999995,0.11682433414139065,True,False,False,True,True
rs585891,18,2829284.0,-4.073389303048186,4.642e-05,0.201,0.11799900426799932,True,False,False,True,True
rs1572412,1,156969868.0,-4.086650803100871,4.651e-05,0.476,0.10520757421271855,True,False,False,True,True
rs10880324,12,42995180.0,-4.0726037189078825,4.667e-05,0.488,0.08056607286692927,True,False,False,True,True
rs4300583,15,47211654.0,-4.07632848608859,4.68e-05,0.398,0.0828024656486941,True,False,False,True,True
rs7731798,5,29593751.0,-4.061514737861634,4.803e-05,0.488,0.08140622636443016,True,False,False,True,True
rs7836345,8,128465680.0,-4.068876362283397,4.808e-05,0.34099999999999997,0.08128115758209824,True,False,False,True,True
rs7729320,5,38725149.0,-4.062816345246752,4.836e-05,0.457,0.10337021827642408,True,False,False,True,True
rs111957895,7,880983.0,-4.068559527257736,4.889e-05,0.17300000000000004,0.13624708702906338,True,False,False,True,True
rs8112528,19,39977173.0,-4.0765528383693415,4.936e-05,0.17500000000000004,0.12983491328549654,True,False,False,True,True
rs5931502,23,137928204.0,-4.054495114575022,4.943e-05,0.193,0.12690687382750057,True,False,False,True,True
rs4902295,14,65064964.0,-4.070838057931887,4.99e-05,0.184,0.11233283179171599,True,False,False,True,True
rs4930355,11,66116911.0,-4.023464743031945,5.282e-05,0.30100000000000005,0.1338244771831489,True,False,False,True,True
rs2323280,17,14354246.0,-4.03908134553448,5.36e-05,0.32199999999999995,0.0817082142341538,True,False,False,True,True
rs10989168,9,103361114.0,-4.021894142145306,5.407e-05,0.28600000000000003,0.11249979844576392,True,False,False,True,True
rs2825734,21,21053027.0,-4.044964654866647,5.463e-05,0.30500000000000005,0.13158171361163695,True,False,False,True,True
rs7535431,1,188387106.0,-4.045802531427888,5.474e-05,0.402,0.08776836654816321,True,False,False,True,True
rs62057452,17,32297222.0,-4.011152396754745,5.551e-05,0.28300000000000003,0.12817561330856594,True,False,False,True,True
rs12742649,1,88421202.0,-4.021924425396807,5.604e-05,0.272,0.13709915848628645,True,False,False,True,True
rs7337857,13,53413435.0,-4.031828378093572,5.62e-05,0.249,0.1402568834434952,True,False,False,True,True
rs6547002,2,75683116.0,-4.034412845756273,5.657e-05,0.286,0.1101156265289512,True,False,False,True,True
rs2825395,21,20542853.0,-4.011204397115185,5.802e-05,0.267,0.13671963581460753,True,False,False,True,True
rs13037454,20,46909174.0,-4.036892217683918,5.9e-05,0.47,0.12929711512298764,True,False,False,True,True
rs35197617,4,139236443.0,-4.03051080856498,5.914e-05,0.43999999999999995,0.11806427261980722,True,False,False,True,True
rs17460825,1,48480429.0,-4.008362205335039,5.921e-05,0.268,0.13829272463173994,True,False,False,True,True
rs2631711,15,39984039.0,-4.012355370582501,5.932e-05,0.298,0.1342224672058104,True,False,False,True,True
rs5928336,23,29791127.0,-3.9898496320505417,5.94e-05,0.33099999999999996,0.12556469702820966,True,False,False,True,True
rs9882795,3,156439286.0,-4.0200426448557955,5.948e-05,0.20199999999999996,0.14169859197135581,True,False,False,True,True
rs829294,23,96162702.0,3.999875062232763,5.964e-05,0.353,0.07031280910844034,True,False,True,True,True
rs9322455,6,154582669.0,-4.026511864722667,6.012e-05,0.367,0.07702836634790629,True,False,False,True,True
rs2876490,20,18378930.0,-4.008200290919278,6.042e-05,0.424,0.08966733493959902,True,False,False,True,True
rs6701601,1,162528131.0,3.999914831008781,6.079e-05,0.22599999999999998,0.09367944778084066,True,False,True,True,True
rs62047916,15,37828737.0,3.9999256163852888,6.09e-05,0.18700000000000006,0.13830010147940533,True,False,True,True,True
rs2897293,2,129123452.0,-3.99990524033058,6.094e-05,0.404,0.10424545216313263,True,False,False,True,True
rs3013667,6,120628974.0,4.000318172014253,6.11e-05,0.357,0.06939276392513737,True,False,True,True,True
rs4958167,5,132537230.0,4.0000464573806465,6.12e-05,0.311,0.07581188158438372,True,False,True,True,True
rs164954,3,8712227.0,4.0074480120422935,6.121e-05,0.355,0.0685630596023574,True,False,True,True,True
rs4319547,12,123079035.0,-3.993422675325949,6.229e-05,0.227,0.136210676655462,True,False,False,True,True
rs11648940,16,11449536.0,3.9923079738297047,6.252e-05,0.243,0.10480032828877492,True,False,True,True,True
rs6804915,3,170627909.0,-3.99158844329458,6.283e-05,0.29700000000000004,0.13189069793191419,True,False,False,True,True
rs2764383,10,7507606.0,-3.9881772897731387,6.288e-05,0.33399999999999996,0.11906995403291035,True,False,False,True,True
rs6853354,4,91168401.0,3.9922777339043924,6.318e-05,0.352,0.0723681649913311,True,False,True,True,True
rs6658057,1,89840832.0,-3.9998960541233854,6.468e-05,0.325,0.10086540722535932,True,False,False,True,True
rs11060394,12,130008174.0,-4.011428070650753,6.494e-05,0.31000000000000005,0.12805034386425035,True,False,False,True,True
rs60703460,12,100273821.0,-3.9923828102912386,6.494e-05,0.28500000000000003,0.12224607568991205,True,False,False,True,True
rs13295747,9,124685499.0,-3.9763900754798036,6.517e-05,0.43999999999999995,0.12690749669515475,True,False,False,True,True
rs1897646,4,59106934.0,-3.986998346414261,6.534e-05,0.493,0.06754240640613068,True,False,False,True,True
rs2815644,10,12572035.0,3.97615465194705,6.591e-05,0.373,0.045068315048753756,True,False,True,True,True
rs1393943,15,100971201.0,3.992325754701786,6.626e-05,0.459,0.08128750737856646,True,False,True,True,True
rs2264887,12,113518423.0,-3.9791317253912415,6.646e-05,0.30100000000000005,0.13104998299564058,True,False,False,True,True
rs3105213,4,40554304.0,-3.973828737551593,6.647e-05,0.16600000000000004,0.11284824897708456,True,False,False,True,True
rs13265932,8,24291484.0,-3.987466716716731,6.659e-05,0.46099999999999997,0.11093985514121107,True,False,False,True,True
rs10510094,10,123133203.0,3.9627668413141897,6.805e-05,0.4,0.07376535736081041,True,False,True,True,True
rs5936223,23,147776232.0,-3.965586487393136,6.808e-05,0.165,0.11819686625612139,True,False,False,True,True
rs73385592,10,118492298.0,-3.9885022544767343,6.824e-05,0.26,0.13154664957944812,True,False,False,True,True
rs1544796,19,58542425.0,3.9832664277727514,6.826e-05,0.179,0.1346331409034937,True,False,True,True,True
rs1549662,16,76322535.0,-3.9842657009230944,6.845e-05,0.346,0.09430013337631257,True,False,False,True,True
rs7113564,11,11179426.0,-3.987466716716731,6.91e-05,0.389,0.11701092818165434,True,False,False,True,True
rs6973000,7,48984084.0,3.9674543035450998,6.924e-05,0.384,0.05351301606237947,True,False,True,True,True
rs1991401,17,62502435.0,3.9710606134865842,6.979e-05,0.33299999999999996,0.0811046937362245,True,False,True,True,True
rs62445572,7,14252043.0,3.9827090898665767,6.985e-05,0.284,0.07750497434411964,True,False,True,True,True
rs2143162,1,25466947.0,3.971018567831532,7.083e-05,0.24,0.10041539949750926,True,False,True,True,True
rs1337672,13,45342951.0,3.9718090583618233,7.091e-05,0.16,0.13646304312809163,True,False,True,True,True
rs28600309,8,61611420.0,3.9615979124925533,7.1e-05,0.368,0.043121881561085866,True,False,True,True,True
rs2049176,15,79392548.0,3.983579494759214,7.177e-05,0.396,0.07162450653593824,True,False,True,True,True
rs12541709,8,9608591.0,-3.9885022544767343,7.21e-05,0.277,0.13621153522496163,True,False,False,True,True
rs9842505,3,14698361.0,3.9681711979620413,7.294e-05,0.32999999999999996,0.08170930609515913,True,False,True,True,True
rs4550100,1,82906724.0,3.944696649166294,7.311e-05,0.251,0.13603599758617493,True,False,False,True,True
rs13136615,4,12803349.0,3.9498933641562854,7.386e-05,0.48,0.07195339177552222,True,False,True,True,True
rs12955051,18,6364997.0,3.9874972878541626,7.386e-05,0.33699999999999997,0.07067228801815235,True,False,True,True,True
rs6436529,2,157461726.0,-3.955325551542636,7.427e-05,0.291,0.12214205909702884,True,False,False,True,True
rs1180368,3,178969542.0,3.9641830934587703,7.444e-05,0.474,0.07752504342247069,True,False,True,True,True
rs12341875,9,21324554.0,-3.972598924519776,7.452e-05,0.276,0.13289285312481178,True,False,False,True,True
rs6100906,20,59022494.0,-3.9677622068503324,7.494e-05,0.21499999999999997,0.13923913427630558,True,False,False,True,True
rs3748655,1,113217311.0,3.9687801601186976,7.506e-05,0.16300000000000003,0.12667351675502414,True,False,True,True,True
rs7934366,11,130011597.0,-3.9554618869666194,7.524e-05,0.16500000000000004,0.12378594461967841,True,False,False,True,True
rs1575600,9,29432430.0,-3.9595929956936975,7.54e-05,0.353,0.1156650394347909,True,False,False,True,True
rs447080,6,137846908.0,3.9638649515343523,7.546e-05,0.18,0.1342836415058098,True,False,True,True,True
rs9313074,5,4286936.0,-3.974404069293164,7.555e-05,0.476,0.11741857055710589,True,False,False,True,True
rs758022,17,69007006.0,3.9684554929290106,7.572e-05,0.22099999999999997,0.09569249532266433,True,False,True,True,True
rs12651518,4,20616123.0,3.936873582069345,7.579e-05,0.42,0.06315308341034065,True,False,False,True,True
rs10899167,11,70408262.0,3.9697741791446672,7.58e-05,0.234,0.10420431598260611,True,False,True,True,True
rs74085807,1,60231295.0,-3.9534388912667144,7.583e-05,0.263,0.14211074038048419,True,False,False,True,True
rs4798150,18,3936472.0,-3.95541671066602,7.631e-05,0.458,0.11441344600583461,True,False,False,True,True
rs2031069,14,22420837.0,-3.949636414552427,7.659e-05,0.45699999999999996,0.1166283189024356,True,False,False,True,True
rs9993370,4,24900112.0,3.9590130088474766,7.736e-05,0.443,0.08694424762698232,True,False,True,True,True
rs13181910,5,173700085.0,3.936873582069345,7.738e-05,0.492,0.07094119170888148,True,False,False,True,True
rs199065,6,23484583.0,-3.9658139174629876,7.749e-05,0.42700000000000005,0.08848328252403573,True,False,False,True,True
rs12462062,19,52343283.0,-3.96327249449029,7.766e-05,0.32799999999999996,0.14266041191196074,True,False,False,True,True
rs17369648,2,56082575.0,3.9669402432434824,7.768e-05,0.351,0.07796651352558007,True,False,True,True,True
rs6635331,23,135904737.0,-3.948955982729775,7.793e-05,0.476,0.11666784486169413,True,False,False,True,True
rs66888970,6,7066443.0,3.9404548044168863,7.816e-05,0.358,0.08166581387647533,True,False,False,True,True
rs10860655,12,101290179.0,-3.9661422737800995,7.833e-05,0.26,0.13407457631557068,True,False,False,True,True
rs10742977,11,6673013.0,3.9526953366331306,7.835e-05,0.328,0.08287008709509214,True,False,True,True,True
rs67142559,2,51032964.0,3.9383181387105015,7.838e-05,0.18700000000000006,0.13190499512009404,True,False,False,True,True
rs35483388,11,122545146.0,3.93776234364976,7.849e-05,0.362,0.06821436656123833,True,False,False,True,True
rs12434554,14,56174105.0,-3.9536693809319376,7.858e-05,0.29000000000000004,0.12072216969763193,True,False,False,True,True
rs2671272,1,226015116.0,3.9589333375420637,7.872e-05,0.196,0.09902467673022403,True,False,True,True,True
rs3922041,2,7050887.0,-3.954375629851766,7.912e-05,0.345,0.11003264993275448,True,False,False,True,True
rs7781053,7,97126483.0,3.9528438388720115,7.926e-05,0.46399999999999997,0.0757018692906371,True,False,True,True,True
rs11113410,12,79668908.0,-3.9621358429068203,7.977e-05,0.403,0.10331072613385182,True,False,False,True,True
rs9967332,18,11906716.0,-3.956152370307961,8.024e-05,0.437,0.11717379866509424,True,False,False,True,True
rs35442140,2,44338651.0,3.9170856663923326,8.095e-05,0.21299999999999997,0.12254557969788384,True,False,False,True,True
rs28454347,15,33100782.0,3.9397001323329652,8.114e-05,0.23099999999999998,0.1047944225385622,True,False,False,True,True
rs4326884,12,20536371.0,-3.9452933477700736,8.114e-05,0.481,0.08469863108702312,True,False,False,True,True
rs10096584,8,83891461.0,3.9404548044168863,8.154e-05,0.16400000000000003,0.1265084796375379,True,False,False,True,True
rs10033968,4,127371358.0,-3.9358157061219488,8.178e-05,0.42500000000000004,0.10532625934963553,True,False,False,True,True
rs28464048,4,188608431.0,3.9445134841427105,8.257e-05,0.413,0.0752320656298949,True,False,False,True,True
rs2579869,8,130380454.0,-3.9234161807533314,8.303e-05,0.472,0.1347447678393731,True,False,False,True,True
rs1907781,2,81142676.0,-3.917764555053239,8.31e-05,0.476,0.1195751607928525,True,False,False,True,True
rs7698199,4,134641078.0,3.9197545913761136,8.32e-05,0.489,0.08370725635815635,True,False,False,True,True
rs6631822,23,33692080.0,3.937700218987825,8.345e-05,0.465,0.0792031854750711,True,False,False,True,True
rs303933,13,72378343.0,-3.9329567654947226,8.358e-05,0.476,0.11700200378568297,True,False,False,True,True
rs9571505,13,66451073.0,3.9186807431576614,8.447e-05,0.19499999999999995,0.1012527393225465,True,False,False,True,True
rs7642870,3,3603705.0,3.906880538420012,8.469e-05,0.33899999999999997,0.07061870773037553,True,False,False,True,True
rs3099977,2,39051346.0,3.9471370161172614,8.473e-05,0.21999999999999997,0.10210734928708315,True,False,True,True,True
rs6924316,6,2953770.0,3.9233808460621953,8.539e-05,0.353,0.08547603447821908,True,False,False,True,True
rs4878712,9,37654257.0,-3.9212341380004623,8.647e-05,0.487,0.07379187523672585,True,False,False,True,True
rs6955822,7,106654296.0,-3.9486501991703085,8.678e-05,0.484,0.07541794517221648,True,False,False,True,True
rs10166825,2,176901094.0,-3.918897703332547,8.69e-05,0.21299999999999997,0.1400976536532478,True,False,False,True,True
rs35927407,5,113144484.0,3.9111026997270564,8.784e-05,0.393,0.06976165425591006,True,False,False,True,True
rs10926783,1,242760115.0,-3.9141618280181882,8.797e-05,0.22499999999999998,0.1371737594969571,True,False,False,True,True
rs7708477,5,56883238.0,3.918158906653391,8.815e-05,0.479,0.09054410132120394,True,False,False,True,True
rs141044135,9,81262909.0,3.927752845134472,8.855e-05,0.18899999999999995,0.12902600986577137,True,False,False,True,True
rs3764278,16,85133872.0,3.9225152176608873,8.982e-05,0.276,0.06486823328484097,True,False,False,True,True
rs10781196,9,76814001.0,3.92895183746218,9.006e-05,0.46199999999999997,0.07954593466870999,True,False,False,True,True
rs3094327,9,136322529.0,-3.896484987624073,9.251e-05,0.139,0.14120278456480204,True,False,False,True,True
rs9832531,3,73159004.0,-3.9132205855869833,9.254e-05,0.43000000000000005,0.11811222065140838,True,False,False,True,True
rs11168687,12,49090972.0,-3.894614455655552,9.3e-05,0.136,0.14205802393472122,True,False,False,True,True
rs763154,16,759069.0,-3.91378602989506,9.305e-05,0.461,0.1127767890543269,True,False,False,True,True
rs7705558,5,108644845.0,-3.9296090157682757,9.446e-05,0.477,0.11000241446764973,True,False,False,True,True
rs13298313,9,16342994.0,-3.8934832908896997,9.459e-05,0.41400000000000003,0.11812969901404642,True,False,False,True,True
rs55967444,5,8594227.0,3.9040765984593344,9.525e-05,0.34299999999999997,0.07584217760235722,True,False,False,True,True
10:30016240_T_G,10,30016240.0,3.8977898978645946,9.541e-05,0.324,0.08696209658666894,True,False,False,True,True
rs1255780,14,63997819.0,-3.89417128301371,9.568e-05,0.137,0.13932330227710787,True,False,False,True,True
rs1539803,18,13494995.0,3.918123704270413,9.583e-05,0.34299999999999997,0.07532074851432373,True,False,False,True,True
rs61838201,1,223479080.0,3.895762322133848,9.74e-05,0.386,0.0804810555900449,True,False,False,True,True
rs57621848,5,119287441.0,-3.8873233877539044,9.747e-05,0.391,0.14111243134281667,True,False,False,True,True
rs2313546,4,16427490.0,-3.8959393671393303,9.793e-05,0.30500000000000005,0.14020914042002217,True,False,False,True,True
rs61835618,10,10048827.0,-3.885202598058413,9.878e-05,0.43400000000000005,0.13943490563406094,True,False,False,True,True
rs2975986,8,56363918.0,3.8959613144638006,9.925e-05,0.40900000000000003,0.08540666319145775,True,False,False,True,True
rs13006062,2,20765963.0,3.9027336738407747,9.95e-05,0.401,0.08460949275486673,True,False,False,True,True
rs12565334,1,7567768.0,3.8922580716842887,9.983e-05,0.19699999999999995,0.10320104390135583,True,False,False,True,True
rs3046747,12,25765262.0,3.887409429696306,0.0001,0.33199999999999996,0.08961553139041732,True,False,False,True,True
rs4853633,2,190946324.0,3.896691222466619,0.0001003,0.198,0.09721032092604916,True,False,False,True,True
rs12450200,17,51110522.0,-3.88243152104866,0.0001018,0.30100000000000005,0.12324781035013503,True,False,False,True,True
rs9427672,1,197754741.0,3.891457876454709,0.0001022,0.24,0.1034056533205995,True,False,False,True,True
rs1706630,12,17662639.0,3.9027336738407747,0.0001024,0.363,0.07508925833909028,True,False,False,True,True
rs712626,5,116249713.0,3.881183906354824,0.0001026,0.18200000000000005,0.1394759308671009,True,False,False,True,True
rs633203,23,148734633.0,3.8701347537074895,0.0001026,0.252,0.12901482704243822,True,False,False,True,True
rs13322132,3,124912207.0,-3.8771535342633685,0.0001028,0.41800000000000004,0.12684109498800403,True,False,False,True,True
rs6428747,1,116368679.0,3.87676088142366,0.0001029,0.371,0.065154475684863,True,False,False,True,True
rs6691916,1,20882766.0,3.8676058212721784,0.0001033,0.19699999999999995,0.11483417035483326,True,False,False,True,True
rs1559041,2,15336571.0,3.87676088142366,0.0001033,0.487,0.10497955583764856,True,False,False,True,True
rs866459,17,10802026.0,-3.8762765360543483,0.0001051,0.29700000000000004,0.12616503032948712,True,False,False,True,True
rs9554322,13,28913831.0,3.8720198140611743,0.0001053,0.311,0.08977662394911183,True,False,False,True,True
rs11088310,21,36471176.0,-3.864814963514644,0.0001064,0.45899999999999996,0.12011643188317,True,False,False,True,True
rs12977116,19,12473577.0,3.886631668332536,0.0001065,0.253,0.13791308843149827,True,False,False,True,True
rs12533403,7,129634289.0,3.8865541234184438,0.0001077,0.485,0.09677990924072902,True,False,False,True,True
rs6824690,4,133853037.0,3.8865541234184438,0.0001079,0.44299999999999995,0.1203396131121877,True,False,False,True,True
rs12383626,23,16848598.0,3.8710421331314264,0.0001079,0.197,0.1129985869270711,True,False,False,True,True
rs7824396,8,113430419.0,3.881770497282006,0.0001095,0.21799999999999997,0.12712883629220503,True,False,False,True,True
rs758585,10,116582560.0,3.884153106583333,0.0001096,0.45599999999999996,0.10148134687220868,True,False,False,True,True
rs2716566,16,74027248.0,-3.864805657829053,0.0001097,0.368,0.10804548531249249,True,False,False,True,True
rs10922037,1,189390041.0,-3.858775362055497,0.0001101,0.456,0.12583080560957505,True,False,False,True,True
rs10842683,12,26316933.0,3.8829286163458896,0.0001104,0.487,0.10181394579211309,True,False,False,True,True
rs1156297,7,52543186.0,3.857116653655747,0.0001105,0.42200000000000004,0.08869999544774061,True,False,False,True,True
rs6793757,3,153176751.0,-3.834765690580447,0.0001128,0.31699999999999995,0.14241392883257536,True,False,False,True,True
rs1970895,4,184943106.0,3.8470854894363207,0.0001129,0.381,0.0868251058482626,True,False,False,True,True
rs10403048,19,7232694.0,3.8602030653582697,0.0001138,0.206,0.11782797481803456,True,False,False,True,True
rs1338324,6,78943314.0,-3.8834625135472054,0.0001142,0.451,0.1385117273123907,True,False,False,True,True
rs28433905,4,54022643.0,3.8504290032574904,0.0001143,0.31799999999999995,0.07852832871211769,True,False,False,True,True
rs660748,11,85653098.0,3.866019672837065,0.0001162,0.476,0.09864974774888254,True,False,False,True,True
rs2721367,7,120616493.0,3.870908197142093,0.0001176,0.28900000000000003,0.11293484937214346,True,False,False,True,True
rs9824439,3,160560325.0,-3.8336898857261748,0.0001177,0.369,0.09855938858028881,True,False,False,True,True
rs4675525,2,206344751.0,-3.860011885794291,0.0001186,0.477,0.12635627401678248,True,False,False,True,True
rs4683428,3,139469121.0,3.848595951019233,0.0001187,0.382,0.08711273894918367,True,False,False,True,True
rs6784367,3,145594123.0,3.842495112882262,0.0001194,0.335,0.08337402436083394,True,False,False,True,True
rs11770585,7,151489711.0,3.8357965419440783,0.0001196,0.253,0.1398610653727215,True,False,False,True,True
rs12154937,7,13281953.0,3.8550345266360484,0.0001206,0.249,0.1130536548731705,True,False,False,True,True
rs10044384,5,25481575.0,3.845462441987783,0.0001208,0.19599999999999995,0.13053841919777814,True,False,False,True,True
rs4765814,12,5524127.0,3.8493826865508227,0.0001213,0.319,0.07909474198789215,True,False,False,True,True
rs61864689,10,133578718.0,3.8389673643697906,0.0001214,0.21099999999999997,0.14156343710841832,True,False,False,True,True
rs3732829,3,122613279.0,3.851633868775384,0.0001222,0.436,0.11756235718049698,True,False,False,True,True
rs10846201,12,15698549.0,-3.834765690580447,0.0001224,0.29500000000000004,0.13787866120704936,True,False,False,True,True
rs7916271,10,85954220.0,3.851633868775384,0.0001225,0.475,0.10451003379905285,True,False,False,True,True
rs3737548,12,48391416.0,3.8413498255425385,0.0001232,0.21399999999999997,0.14001934588858703,True,False,False,True,True
rs1806781,6,5539470.0,3.830213471722092,0.0001247,0.275,0.11806182095770885,True,False,False,True,True
rs4877138,9,91253450.0,3.8259834979626386,0.0001269,0.373,0.08338612419336493,True,False,False,True,True
rs4384889,22,20889926.0,3.850735671470019,0.0001272,0.225,0.10009690474750646,True,False,False,True,True
rs13004318,2,3648396.0,3.8239357706618415,0.0001294,0.427,0.11710890028085344,True,False,False,True,True
rs55993446,17,11475285.0,3.829075438264267,0.0001297,0.269,0.132881415690571,True,False,False,True,True
rs28759714,5,105756766.0,3.8066941674398294,0.0001299,0.347,0.11009443207759594,True,False,False,True,True
rs8016830,14,60712031.0,3.8373402463489183,0.0001302,0.32199999999999995,0.08352643483186475,True,False,False,True,True
rs12491657,3,78617110.0,-3.826596753397469,0.0001305,0.365,0.1136114505440908,True,False,False,True,True
rs1297121,21,15667833.0,3.825023181896443,0.0001318,0.42900000000000005,0.12851960530803938,True,False,False,True,True
rs6666930,1,165283682.0,-3.8328773487394137,0.0001332,0.18600000000000005,0.13832077808053714,True,False,False,True,True
rs1358911,9,114465359.0,3.8180601578555464,0.0001337,0.384,0.0928860507827744,True,False,False,True,True
rs2941265,16,15235820.0,-3.832024792129355,0.0001339,0.434,0.14205946600242342,True,False,False,True,True
rs6479528,9,96858429.0,3.818629918083375,0.0001343,0.485,0.12051088505424881,True,False,False,True,True
rs7338399,13,82803452.0,3.83498661156329,0.0001347,0.403,0.09385443574654019,True,False,False,True,True
rs10758056,9,31366666.0,-3.8029752289568566,0.0001357,0.469,0.1370142749388268,True,False,False,True,True
rs1503835,1,114614910.0,3.817271113686494,0.0001368,0.425,0.10712731054185838,True,False,False,True,True
rs79237629,8,81331077.0,3.81885193497139,0.0001369,0.33099999999999996,0.1016773695504626,True,False,False,True,True
rs6022704,20,52351209.0,3.8003882388805805,0.000137,0.487,0.1300788527650409,True,False,False,True,True
rs1368637,8,75697665.0,3.8036344334544574,0.0001381,0.22699999999999998,0.1075420896742967,True,False,False,True,True
rs4530293,19,13629124.0,-3.834765690580447,0.0001385,0.41,0.10990769383026266,True,False,False,True,True
rs9990104,3,95760926.0,-3.828200682230261,0.0001389,0.18500000000000005,0.14312330684257657,True,False,False,True,True
rs809672,2,12688452.0,3.8276986250234772,0.0001397,0.481,0.10699576508490928,True,False,False,True,True
rs7181285,15,94524766.0,3.814872063881718,0.0001411,0.407,0.0929542257175805,True,False,False,True,True
rs6757717,2,225986779.0,-3.8313629578069666,0.0001417,0.359,0.13298293499318212,True,False,False,True,True
rs7757864,6,86381361.0,-3.7968857639747955,0.0001426,0.429,0.12891073432292924,True,False,False,True,True
rs6806768,3,150238549.0,-3.789672716370076,0.0001429,0.355,0.13453616096752738,True,False,False,True,True
rs62363781,5,32522318.0,3.8009698008544253,0.0001437,0.09499999999999997,0.13695099282219278,True,False,False,True,True
rs13204743,6,46618456.0,3.8098114435112334,0.0001438,0.30300000000000005,0.12018320002512846,True,False,False,True,True
rs10090946,8,96175435.0,3.812698171307132,0.000144,0.235,0.13383302432608177,True,False,False,True,True
rs1033448,23,95485934.0,3.8000490131287004,0.0001444,0.319,0.07416073004440057,True,False,False,True,True
rs2408153,8,5911990.0,3.7865841712874198,0.0001445,0.398,0.10409042330386838,True,False,False,True,True
rs10951410,7,34455287.0,3.8065849266627634,0.0001449,0.45799999999999996,0.10103397128726584,True,False,False,True,True
rs899117,14,98425040.0,3.8195343048811465,0.0001452,0.33199999999999996,0.0988642654655395,True,False,False,True,True
rs936354,16,17329357.0,3.795726285321639,0.0001453,0.455,0.10808310320847528,True,False,False,True,True
rs2021487,20,52898051.0,3.8003882388805805,0.0001456,0.42400000000000004,0.10520415126285682,True,False,False,True,True
rs13428833,2,60942125.0,3.81200403153034,0.0001466,0.41400000000000003,0.096975679493863,True,False,False,True,True
rs1401644,2,22080649.0,3.8195343048811465,0.0001471,0.475,0.11253241422460344,True,False,False,True,True
rs1481992,11,103456119.0,3.813520280823542,0.0001487,0.31299999999999994,0.08110842542915547,True,False,False,True,True
rs10746799,9,89972299.0,3.8002898115173505,0.000149,0.354,0.11589509152901699,True,False,False,True,True
rs2929726,5,17211649.0,3.782121553541216,0.0001504,0.432,0.1349697757107374,True,False,False,True,True
rs9851724,3,38719935.0,3.796717517333835,0.0001507,0.319,0.07397615250806724,True,False,False,True,True
rs36087694,2,96212699.0,-3.7949837006980363,0.0001513,0.378,0.11260233554303987,True,False,False,True,True
rs57615553,4,182816022.0,3.812513331040787,0.0001545,0.401,0.09856325308321742,True,False,False,True,True
rs2620868,12,61370770.0,3.7723406628847824,0.0001571,0.492,0.12406656562336846,True,False,False,True,True
rs468101,5,112244010.0,3.7737380719355347,0.0001572,0.29400000000000004,0.12262273418271269,True,False,False,True,True
rs7578570,2,222907847.0,-3.7560331162839518,0.0001594,0.41300000000000003,0.12013651340770669,True,False,False,True,True
rs163284,6,124431511.0,3.7524558804191828,0.0001602,0.318,0.0816616232048426,True,False,False,True,True
rs10195401,2,49033973.0,-3.7885876517764547,0.0001617,0.381,0.12107674395757585,True,False,False,True,True
rs17204132,6,22223386.0,3.7846591626835133,0.0001624,0.425,0.1102054291126865,True,False,False,True,True
rs4796500,17,6358102.0,3.7680135765663105,0.0001632,0.429,0.12163145428465849,True,False,False,True,True
rs1978139,4,114628988.0,3.7709543736463687,0.0001667,0.351,0.12737431838681576,True,False,False,True,True
rs61990799,14,80354342.0,3.7786315514107676,0.0001679,0.29700000000000004,0.11748795386285088,True,False,False,True,True
rs1912579,19,21982352.0,3.763151790811051,0.000168,0.09599999999999997,0.14281368055682891,True,False,False,True,True
rs9308779,2,121131683.0,-3.76907595912807,0.0001684,0.415,0.10745840074588445,True,False,False,True,True
rs12893031,14,25275650.0,3.7692120811891527,0.0001686,0.386,0.11216532296738356,True,False,False,True,True
rs10891143,11,110435021.0,-3.75576116115696,0.0001689,0.43,0.11571906939241056,True,False,False,True,True
rs4703731,5,76662594.0,3.761348924500374,0.0001702,0.45199999999999996,0.11949320675857811,True,False,False,True,True
rs11043863,12,18258637.0,3.7524558804191828,0.0001729,0.32599999999999996,0.10656318152988592,True,False,False,True,True
rs914494,9,2469939.0,3.764812328112542,0.0001754,0.31200000000000006,0.10115247300475569,True,False,False,True,True
rs2857673,12,52707973.0,-3.75275971945537,0.0001757,0.371,0.10918558802156457,True,False,False,True,True
rs6432622,2,161340270.0,3.739073654197435,0.0001764,0.395,0.13249699007621685,True,False,False,True,True
rs1601534,7,46274716.0,3.7522135748975516,0.0001772,0.433,0.12244181170194525,True,False,False,True,True
rs2027615,11,115244029.0,3.7520664970457425,0.0001781,0.49,0.12624675371640737,True,False,False,True,True
rs838875,12,125145394.0,3.760053507130495,0.0001815,0.47,0.1277956085456137,True,False,False,True,True
rs9613968,22,29980315.0,3.7445218516530114,0.0001819,0.42,0.10533785272888486,True,False,False,True,True
rs6794848,3,63182563.0,3.7500628284374313,0.0001822,0.22299999999999998,0.1417311320063724,True,False,False,True,True
rs60864331,2,52489077.0,-3.755782324245948,0.0001831,0.419,0.12179268066842625,True,False,False,True,True
rs175929,4,46338148.0,3.7559784558446188,0.0001832,0.45299999999999996,0.11438203151141897,True,False,False,True,True
rs3769821,2,202123430.0,3.744363118903135,0.0001852,0.33,0.13178361152244247,True,False,False,True,True
rs9602139,13,83839263.0,3.7268640678914355,0.0001855,0.32099999999999995,0.08862657814456293,True,False,False,True,True
rs12650264,4,7021365.0,-3.7403622864579784,0.0001857,0.494,0.0942670910980002,True,False,False,True,True
rs28516068,1,170897443.0,3.743048485217744,0.0001869,0.23199999999999998,0.12979618942149576,True,False,False,True,True
rs2017976,9,118189411.0,3.7298222386194255,0.0001898,0.473,0.13322970309027873,True,False,False,True,True
rs2696035,4,185612953.0,3.7140755163191206,0.0001899,0.383,0.10787560666635859,True,False,False,True,True
rs72730911,5,11153389.0,3.7390957887858236,0.0001949,0.481,0.12691698117118685,True,False,False,True,True
rs4758180,11,7398889.0,3.720030341386975,0.0001954,0.28900000000000003,0.13857490054747887,True,False,False,True,True
rs2612546,18,43035483.0,3.725186404598723,0.0001975,0.396,0.14152557895627418,True,False,False,True,True
rs12169768,22,26190467.0,3.7326658961334114,0.0001998,0.391,0.13706608178319488,True,False,False,True,True
rs2319918,8,97735490.0,3.717124892911833,0.0001999,0.384,0.11104206145706084,True,False,False,True,True
rs7941083,11,23257126.0,3.7195252010154016,0.0002,0.33999999999999997,0.12338022348743813,True,False,False,True,True
rs1331441,9,89184746.0,3.7310577560239087,0.0002014,0.478,0.12564610632491496,True,False,False,True,True
rs664409,11,121964569.0,3.725186404598723,0.0002017,0.359,0.14086872523278351,True,False,False,True,True
rs2959457,18,62088914.0,-3.698355301517785,0.0002019,0.491,0.12170599194868657,True,False,False,True,True
rs1127215,1,117532790.0,3.725186404598723,0.0002028,0.374,0.11848906360500358,True,False,False,True,True
rs10434163,4,161912396.0,3.7241663827002913,0.0002052,0.30300000000000005,0.13532331836351552,True,False,False,True,True
rs271921,5,95737114.0,3.6997045548679464,0.0002064,0.372,0.13174739541720096,True,False,False,True,True
rs11976788,7,154199052.0,-3.716793907989543,0.0002067,0.493,0.105432392761181,True,False,False,True,True
rs5983242,23,92951777.0,3.7113067288776964,0.000207,0.3,0.11699380684720112,True,False,False,True,True
rs6798047,3,45921771.0,3.7102279322134337,0.000208,0.348,0.1386626394075681,True,False,False,True,True
rs4803400,19,41405962.0,3.70824766198712,0.0002087,0.46399999999999997,0.11723066039683577,True,False,False,True,True
rs6725963,2,31185022.0,3.7008135048437567,0.0002108,0.23299999999999998,0.12827645610489474,True,False,False,True,True
rs7820678,8,42338841.0,3.7112205190599123,0.0002121,0.383,0.10812833042934589,True,False,False,True,True
rs11919274,3,125674281.0,-3.689932583633274,0.0002128,0.43500000000000005,0.14213095739821147,True,False,False,True,True
rs56171866,5,141689028.0,3.717124892911833,0.0002142,0.348,0.14015682793147663,True,False,False,True,True
rs7109894,11,56997649.0,3.6782989676004467,0.0002153,0.34,0.12408006201807639,True,False,False,True,True
rs6672335,1,3819324.0,3.7078592399167003,0.000217,0.31299999999999994,0.1333913215154885,True,False,False,True,True
rs9997376,4,75661119.0,3.693890954450642,0.0002182,0.40800000000000003,0.13143770271969052,True,False,False,True,True
rs2246877,18,44577005.0,3.696141063851629,0.00022,0.389,0.13651836062303588,True,False,False,True,True
rs377731,5,98332239.0,3.6909951027012102,0.0002243,0.31799999999999995,0.11317516318600468,True,False,False,True,True
rs2276025,11,126145931.0,3.6740267030580918,0.0002267,0.29800000000000004,0.1195193189571231,True,False,False,True,True
rs28569088,4,165095124.0,3.6754312961552484,0.0002289,0.438,0.14283818240219978,True,False,False,True,True
rs12597422,16,53887738.0,3.6668671983841064,0.0002302,0.29300000000000004,0.12236809939445803,True,False,False,True,True
rs891509,7,150808109.0,3.6754312961552484,0.0002305,0.43300000000000005,0.10524358571106447,True,False,False,True,True
rs28594790,18,20565426.0,3.674711644376662,0.0002316,0.32499999999999996,0.1262799310567318,True,False,False,True,True
rs59917351,6,161712555.0,3.697559249877789,0.0002326,0.31599999999999995,0.11783565634015693,True,False,False,True,True
rs62080695,17,41531498.0,3.67471337242711,0.0002338,0.383,0.11255335901282551,True,False,False,True,True
rs11837609,12,70798768.0,3.694682223335365,0.0002354,0.33199999999999996,0.14191496125401482,True,False,False,True,True
rs4942447,13,46404955.0,3.6741701673951366,0.000236,0.458,0.1036815962841555,True,False,False,True,True
rs13028656,2,10284587.0,-3.6747524636606865,0.0002374,0.37,0.14092757384078966,True,False,False,True,True
rs1313146,12,63902573.0,3.670321119145881,0.0002408,0.427,0.11703814426300546,True,False,False,True,True
rs8189004,11,50576596.0,3.6560706522296975,0.000242,0.46299999999999997,0.11373842790290564,True,False,False,True,True
rs9949742,18,35433972.0,3.6580240560314956,0.000242,0.455,0.1154568901020009,True,False,False,True,True
rs2406174,21,19686578.0,3.678457184629162,0.000242,0.42,0.12287789417259876,True,False,False,True,True
rs2336985,8,88257384.0,3.6672126797939404,0.0002432,0.412,0.12943182805132578,True,False,False,True,True
rs13040561,20,54377513.0,3.663507909045884,0.0002453,0.375,0.12929838440207184,True,False,False,True,True
rs12634374,3,56276213.0,3.6738782279783333,0.0002466,0.23199999999999998,0.11985816322160724,True,False,False,True,True
rs1031453,4,72427450.0,3.6741006924736763,0.0002475,0.384,0.11609803620533254,True,False,False,True,True
rs7857269,9,13782460.0,3.683846508928213,0.0002501,0.41200000000000003,0.12359992102015964,True,False,False,True,True
rs2025629,10,81000520.0,3.655680772057765,0.0002518,0.43300000000000005,0.11390437483645836,True,False,False,True,True
rs637889,2,45932046.0,3.6425116639735133,0.0002538,0.315,0.13707661566121282,True,False,False,True,True
rs2284060,22,38543453.0,3.6580240560314956,0.0002576,0.40700000000000003,0.1419356781089538,True,False,False,True,True
rs1435961,10,80220985.0,3.6754312961552484,0.0002585,0.377,0.11523829002059036,True,False,False,True,True
rs35862831,16,23069226.0,3.662893004439288,0.0002594,0.22399999999999998,0.14202168802510867,True,False,False,True,True
rs34752946,4,170951738.0,3.6453858734539373,0.0002751,0.31999999999999995,0.12847732579037222,True,False,False,True,True
rs28431115,17,70183702.0,3.6425116639735133,0.0002773,0.491,0.12284071024655276,True,False,False,True,True
rs500141,5,103022795.0,3.651367806922284,0.0002774,0.412,0.1371595640515964,True,False,False,True,True
rs9517899,13,100505223.0,3.613927715106085,0.0002847,0.346,0.13311174036366225,True,False,False,True,True
rs7002500,8,142266691.0,3.628031545920836,0.0002884,0.321,0.13447013505980993,True,False,False,True,True
rs7325952,13,75032773.0,3.6075936037849745,0.0002893,0.486,0.128184975572834,True,False,False,True,True
rs4873688,8,53771895.0,3.642042977484134,0.0002909,0.347,0.1326009749170101,True,False,False,True,True
rs2812173,6,67196765.0,3.6306947076989586,0.0002914,0.293,0.13468998370884638,True,False,False,True,True
rs2545803,5,176960647.0,3.6461646763247986,0.0002952,0.498,0.10400039093160966,True,False,False,True,True
rs11623261,14,61611860.0,3.6300556011409864,0.000301,0.458,0.1230691790596546,True,False,False,True,True
rs13375371,1,221976469.0,3.6176078134359617,0.0003066,0.349,0.1354714653738417,True,False,False,True,True
rs10082992,12,72826693.0,3.5971445954839183,0.0003067,0.29700000000000004,0.14138778831988863,True,False,False,True,True
rs7495422,15,102233746.0,3.603986199459611,0.0003067,0.31699999999999995,0.13721257512826,True,False,False,True,True
rs1834692,4,175531840.0,3.6300556011409864,0.0003079,0.348,0.13461634750417625,True,False,False,True,True
rs16910378,8,83318880.0,3.6267884116196942,0.0003083,0.32499999999999996,0.13821501967540006,True,False,False,True,True
rs3107586,3,152244884.0,3.585786630395364,0.0003087,0.457,0.13591449686007115,True,False,False,True,True
rs280534,3,193425749.0,3.6052874561262476,0.0003186,0.451,0.1388026433225467,True,False,False,True,True
rs8041454,15,63485976.0,3.6103863451531124,0.0003193,0.491,0.1218330720891843,True,False,False,True,True
rs7450368,6,18545948.0,3.576567745799473,0.0003217,0.485,0.13268894249524943,True,False,False,True,True
rs35293848,18,37654618.0,3.5896110320107812,0.0003231,0.31899999999999995,0.1374770220213482,True,False,False,True,True
rs1975574,3,76722541.0,3.5888823977762714,0.0003263,0.484,0.13639442236096003,True,False,False,True,True
rs2693805,8,5398912.0,3.6029166199932305,0.0003292,0.29300000000000004,0.14257229523512885,True,False,False,True,True
rs1580245,18,29002919.0,3.595980149836787,0.0003323,0.23399999999999999,0.1369204718462949,True,False,False,True,True
rs4746076,10,72758705.0,3.598399941022861,0.0003343,0.491,0.12170608808677912,True,False,False,True,True
rs1877980,12,131025935.0,3.583235323887678,0.000336,0.334,0.12820028066740996,True,False,False,True,True
rs6623607,23,85516763.0,3.585821843311543,0.0003369,0.33099999999999996,0.1382934554238759,True,False,False,True,True
rs6635539,23,137075381.0,3.5763825734464993,0.0003423,0.32799999999999996,0.14247482642565376,True,False,False,True,True
rs1796844,1,243281617.0,3.5644102477153377,0.0003511,0.498,0.1120151399295807,True,False,False,True,True
rs35175040,19,23955107.0,3.5773247133870685,0.000363,0.33999999999999997,0.14020513147785466,True,False,False,True,True
rs2675555,13,101358339.0,3.576567745799473,0.0003642,0.485,0.13268894249524943,True,False,False,True,True
rs9459341,6,165664012.0,3.557143052009465,0.0003657,0.471,0.14213587880225614,True,False,False,True,True
rs11207303,1,59227624.0,3.5617869159596545,0.0003713,0.352,0.14327546410242334,True,False,False,True,True
rs12640745,4,186204544.0,3.5516297229419562,0.0003847,0.45299999999999996,0.14228851001873188,True,False,False,True,True
rs11813225,10,95269997.0,3.5609163907838868,0.0003854,0.485,0.1326420781192533,True,False,False,True,True
rs6561620,13,51729123.0,3.5372591175780377,0.0004221,0.485,0.13301739909494772,True,False,False,True,True
rs35231618,7,61667341.0,3.49735178031764,0.00047,0.494,0.11669911035617381,False,False,False,True,True
rs7677291,4,130161349.0,3.48130850614992,0.0005051,0.46299999999999997,0.12139308007146085,False,False,False,True,True
rs1518489,4,73429638.0,3.474867529639649,0.0005184,0.46,0.13593760249771297,False,False,False,True,True
rs13266003,8,63750069.0,3.461695839983432,0.0005247,0.491,0.13225388458672357,False,False,False,True,True
rs300507,12,78585613.0,3.458080556274166,0.0005263,0.47,0.1289508827898114,False,False,False,True,True
rs10844994,12,10025452.0,3.4632526984843857,0.000529,0.494,0.122807185253544,False,False,False,True,True
rs5930459,23,130423782.0,3.447770119009254,0.0005322,0.492,0.13677922894595848,False,False,False,True,True
rs11598336,10,108936242.0,3.472677646472039,0.0005335,0.492,0.1230330566854607,False,False,False,True,True
rs13226725,7,41311029.0,3.4478242322178367,0.0005394,0.46399999999999997,0.12730788676263954,False,False,False,True,True
rs1176057,1,247734202.0,3.4454427683945634,0.0005498,0.46799999999999997,0.12822272771265,False,False,False,True,True
rs6703825,1,23996453.0,3.451279717106661,0.0005529,0.498,0.11759833918854422,False,False,False,True,True
rs9373821,6,106406999.0,3.4251420434923814,0.0005953,0.494,0.14085423018012588,False,False,False,True,True
rs4839976,6,99218958.0,3.4142849960989388,0.0006087,0.498,0.12890849743708555,False,False,False,True,True
rs145818395,7,285595.0,3.4174455544944435,0.0006352,0.497,0.13138209435143183,False,False,False,True,True
rs136637,22,47658494.0,3.409364125602171,0.0006584,0.498,0.13183688395889506,False,False,False,True,True
rs6035628,20,263660.0,3.3877497655285036,0.000732,0.499,0.14060237254447697,False,False,False,True,True
